cliente_id,cliente,rubro,pais,cms,plan_actual,fecha_checkout,ops_owner,estado,contacto_nombre,contacto_email,telefono
VSU-0001,Andes Mascotas,mascotas,Colombia,Shopify,Starter,2025-02-26,Ops 2,Activo,Andrés Herrera,andres@andesmascotas.cl,+56976329160
VSU-0002,Andes Montaña,deportes,Chile,Shopify,Starter,2024-05-13,Ops 1,Activo,Valentina Silva,valentina@andesmontana.cl,+56997619725
VSU-0003,Andes Vinos,vinos,Colombia,Jumpseller,Starter,2026-07-07,Ops 1,Activo,Andrés Navarro,andres@andesvinos.cl,+56915307809
VSU-0004,Aura Bebés,juguetes,Chile,Shopify,Starter,2026-01-16,Ops 2,Activo,Javiera Herrera,javiera@aurabebes.cl,+56974651324
VSU-0005,Aura Lauret,repuestos,México,WooCommerce,Pro,2026-07-28,Ops 1,Activo,Rodrigo Navarro,rodrigo@auralauret.cl,+56959487224
VSU-0006,Aura Muebles,decohogar,Colombia,Shopify,Starter,2026-04-09,Ops 3,Activo,Fernanda Herrera,fernanda@auramuebles.cl,+56939679134
VSU-0007,Aura Solar,ferretería,México,PrestaShop,Starter,2025-05-30,Ops 3,Activo,Matías Ortiz,matias@aurasolar.cl,+56953871936
VSU-0008,Bloom Orgánica,nutrición,Chile,WooCommerce,Starter,2025-04-21,Ops 1,Activo,Andrés Muñoz,andres@bloomorganica.cl,+56930261520
VSU-0009,Bloom Surf,deportes,Chile,Shopify,Max,2026-07-29,Ops 3,Activo,Matías Cáceres,matias@bloomsurf.cl,+56959649003
VSU-0010,Bloom Vital,nutrición,Chile,Shopify,Pro,2025-03-30,Ops 2,Activo,Javiera Fuentes,javiera@bloomvital.cl,+56937317535
VSU-0011,Bravo Skincare,cosmética,Chile,Jumpseller,Pro,2026-01-24,Ops 3,Activo,Fernanda Ortiz,fernanda@bravoskincare.cl,+56929729874
VSU-0012,Cobre Relojes,moda,México,Shopify,Starter,2026-07-13,Ops 3,Activo,Nicolás Ortiz,nicolas@cobrerelojes.cl,+56955478761
VSU-0013,Delta Labs,ferretería,Chile,Jumpseller,Starter,2025-11-20,Ops 3,Activo,Constanza Fuentes,constanza@deltalabs.cl,+56976171636
VSU-0014,Delta Market,nutrición,Chile,Shopify,Starter,2025-03-31,Ops 3,Activo,Nicolás Vega,nicolas@deltamarket.cl,+56942016493
VSU-0015,Delta Montaña,deportes,México,Shopify,Starter,2025-06-25,Ops 2,Activo,Matías Vega,matias@deltamontana.cl,+56978382333
VSU-0016,Delta Muebles,decohogar,México,WooCommerce,Starter,2026-02-11,Ops 1,Activo,Fernanda Bravo,fernanda@deltamuebles.cl,+56915368512
VSU-0017,Delta Nutrición,nutrición,Perú,Shopify,Pro,2025-03-09,Ops 1,Activo,Paula Ortiz,paula@deltanutricion.cl,+56939050343
VSU-0018,Dunas Andino,nutrición,Chile,Shopify,Pro,2024-12-29,Ops 1,Activo,Sebastián Muñoz,sebastian@dunasandino.cl,+56948927837
VSU-0019,Dunas Arte,decohogar,Chile,Shopify,Max,2024-07-08,Ops 1,Activo,Diego Silva,diego@dunasarte.cl,+56994062071
VSU-0020,Dunas Hogar,decohogar,Colombia,Shopify,Pro,2025-01-03,Ops 2,Activo,Diego Muñoz,diego@dunashogar.cl,+56928228150
VSU-0021,Dunas Juguetes,juguetes,Chile,WooCommerce,Pro,2026-05-22,Ops 3,Activo,Javiera Herrera,javiera@dunasjuguetes.cl,+56969395372
VSU-0022,Dunas Muebles,decohogar,México,Shopify,Pro,2026-04-12,Ops 3,Activo,Diego Cáceres,diego@dunasmuebles.cl,+56953539205
VSU-0023,Elqui Baby,juguetes,Chile,WooCommerce,Pro,,Ops 1,En implementación,Camila Fuentes,camila@elquibaby.cl,+56983245249
VSU-0024,Elqui Deportes,deportes,México,Jumpseller,Pro,2025-11-03,Ops 2,Activo,Andrés Fuentes,andres@elquideportes.cl,+56976602238
VSU-0025,Elqui Labs,ferretería,Colombia,WooCommerce,Starter,2024-06-13,Ops 2,Activo,Nicolás Salas,nicolas@elquilabs.cl,+56928775038
VSU-0026,Elqui Norte,nutrición,Chile,VTEX,Starter,2026-03-22,Ops 2,Activo,Constanza Silva,constanza@elquinorte.cl,+56918463268
VSU-0027,Elqui Textil,moda,México,Shopify,Max,2025-08-17,Ops 1,Activo,Antonia Navarro,antonia@elquitextil.cl,+56972802519
VSU-0028,Ergo Deportes,deportes,Chile,WooCommerce,Starter,2024-04-09,Ops 2,Activo,Javiera Tapia,javiera@ergodeportes.cl,+56919858154
VSU-0029,Ergo Vital,nutrición,Chile,Jumpseller,Pro,2026-08-08,Ops 1,Activo,Ignacio Fuentes,ignacio@ergovital.cl,+56911011913
VSU-0030,Fauna Arte,decohogar,Colombia,Shopify,Starter,2024-07-14,Ops 2,Activo,Constanza Silva,constanza@faunaarte.cl,+56950302348
VSU-0031,Fauna Bebés,juguetes,México,VTEX,Max,2024-07-24,Ops 1,Activo,Rodrigo Ortiz,rodrigo@faunabebes.cl,+56935866809
VSU-0032,Fauna Hogar,decohogar,Chile,Shopify,Max,2025-10-16,Ops 3,Activo,Javiera Tapia,javiera@faunahogar.cl,+56965106045
VSU-0033,Fauna Jardín,decohogar,Chile,Jumpseller,Pro,2024-10-21,Ops 2,Activo,Nicolás Cáceres,nicolas@faunajardin.cl,+56978568867
VSU-0034,Fauna Joyas,moda,Colombia,Shopify,Starter,2026-05-23,Ops 3,Activo,Paula Cáceres,paula@faunajoyas.cl,+56957112540
VSU-0035,Fauna Pet,mascotas,Chile,VTEX,Pro,2024-07-23,Ops 3,Activo,Andrés Vega,andres@faunapet.cl,+56936298010
VSU-0036,Fiorella Herramientas,ferretería,Chile,PrestaShop,Max,2025-12-11,Ops 3,Activo,Nicolás Rojas,nicolas@fiorellaherramientas.cl,+56931016400
VSU-0037,Fiorella Labs,ferretería,México,WooCommerce,Max,2026-03-26,Ops 1,Activo,Sebastián Muñoz,sebastian@fiorellalabs.cl,+56923702986
VSU-0038,Fiorella Montaña,deportes,Chile,PrestaShop,Pro,2026-07-31,Ops 1,Activo,Camila Contreras,camila@fiorellamontana.cl,+56966690964
VSU-0039,Fiorella Orgánica,nutrición,Chile,PrestaShop,Starter,2024-09-30,Ops 2,Activo,Rodrigo Ortiz,rodrigo@fiorellaorganica.cl,+56947706532
VSU-0040,Fiorella Store,regalos,México,VTEX,Pro,2026-05-19,Ops 2,Activo,Andrés Salas,andres@fiorellastore.cl,+56973886114
VSU-0041,Fiorella Vinos,vinos,Perú,Shopify,Starter,2025-04-03,Ops 3,Activo,Matías Vega,matias@fiorellavinos.cl,+56992129314
VSU-0042,Golden Accesorios,moda,Chile,PrestaShop,Max,2026-01-06,Ops 2,Activo,Sebastián Cáceres,sebastian@goldenaccesorios.cl,+56928557733
VSU-0043,Golden Perfumes,cosmética,Chile,Jumpseller,Pro,2024-10-01,Ops 3,Activo,Antonia Silva,antonia@goldenperfumes.cl,+56942518788
VSU-0044,Granel Arte,decohogar,México,WooCommerce,Pro,2026-05-04,Ops 1,Activo,Rodrigo Silva,rodrigo@granelarte.cl,+56915884919
VSU-0045,Granel Jardín,decohogar,Chile,Shopify,Starter,,Ops 1,En implementación,Fernanda Fuentes,fernanda@graneljardin.cl,+56934352376
VSU-0046,Granel Juguetes,juguetes,Chile,VTEX,Starter,2024-04-04,Ops 1,Activo,Rodrigo Salas,rodrigo@graneljuguetes.cl,+56994740508
VSU-0047,Granel Skincare,cosmética,Chile,Shopify,Starter,2024-08-25,Ops 1,Activo,Antonia Fuentes,antonia@granelskincare.cl,+56949929057
VSU-0048,Harto Juguetes,juguetes,Chile,WooCommerce,Max,2026-02-21,Ops 2,Activo,Ignacio Herrera,ignacio@hartojuguetes.cl,+56984225621
VSU-0049,Hidra Cerámica,decohogar,México,Jumpseller,Starter,2026-02-10,Ops 2,Activo,Sebastián Silva,sebastian@hidraceramica.cl,+56997392078
VSU-0050,Hidra Mascotas,mascotas,Chile,VTEX,Starter,,Ops 3,En implementación,Antonia Silva,antonia@hidramascotas.cl,+56963397849
VSU-0051,Hidra Montaña,deportes,México,WooCommerce,Pro,2026-08-16,Ops 2,Activo,Diego Cáceres,diego@hidramontana.cl,+56988112463
VSU-0052,Ilumina Cosmética,cosmética,Chile,Shopify,Starter,2025-06-01,Ops 2,Activo,Ignacio Fuentes,ignacio@iluminacosmetica.cl,+56972048747
VSU-0053,Ilumina Herramientas,ferretería,Colombia,Shopify,Pro,2026-07-06,Ops 2,Activo,Rodrigo Herrera,rodrigo@iluminaherramientas.cl,+56981319491
VSU-0054,Ilumina Market,nutrición,Chile,Shopify,Max,2024-12-12,Ops 2,Activo,Antonia Silva,antonia@iluminamarket.cl,+56972944831
VSU-0055,Ilumina Solar,ferretería,Chile,WooCommerce,Starter,2025-07-02,Ops 2,Activo,Sebastián Rojas,sebastian@iluminasolar.cl,+56951467032
VSU-0056,Jade Denim,moda,Chile,Shopify,Starter,2026-04-02,Ops 1,Activo,Javiera Salas,javiera@jadedenim.cl,+56917186983
VSU-0057,Jade Herramientas,ferretería,Chile,Shopify,Max,2025-01-10,Ops 2,Activo,Fernanda Muñoz,fernanda@jadeherramientas.cl,+56942571091
VSU-0058,Jade Óptica,moda,Chile,WooCommerce,Pro,,Ops 2,En implementación,Nicolás Ortiz,nicolas@jadeoptica.cl,+56938642661
VSU-0059,Juana Baby,juguetes,Chile,Shopify,Pro,2025-03-15,Ops 1,Activo,Ignacio Silva,ignacio@juanababy.cl,+56946103576
VSU-0060,Juana Cerámica,decohogar,Chile,Shopify,Pro,2026-07-21,Ops 3,Activo,Javiera Pizarro,javiera@juanaceramica.cl,+56915636676
VSU-0061,Juana Labs,ferretería,México,Shopify,Starter,,Ops 2,En implementación,Rodrigo Bravo,rodrigo@juanalabs.cl,+56933312744
VSU-0062,Juana Mascotas,mascotas,Chile,WooCommerce,Pro,2025-01-16,Ops 2,Activo,Sebastián Cáceres,sebastian@juanamascotas.cl,+56919717902
VSU-0063,Juana Solar,ferretería,Perú,Shopify,Starter,2026-03-19,Ops 2,Activo,Fernanda Tapia,fernanda@juanasolar.cl,+56952366574
VSU-0064,Kilta Arte,decohogar,Chile,Jumpseller,Max,2024-04-07,Ops 1,Activo,Javiera Silva,javiera@kiltaarte.cl,+56940824247
VSU-0065,Kilta Baby,juguetes,México,WooCommerce,Starter,2025-08-07,Ops 2,Activo,Andrés Fuentes,andres@kiltababy.cl,+56920525049
VSU-0066,Kilta Hogar,decohogar,Chile,PrestaShop,Starter,2024-11-06,Ops 1,Activo,Constanza Fuentes,constanza@kiltahogar.cl,+56941934953
VSU-0067,Kilta Pet,mascotas,Chile,Shopify,Starter,2024-06-28,Ops 1,Activo,Sebastián Silva,sebastian@kiltapet.cl,+56930340099
VSU-0068,Kilta Streetwear,moda,Colombia,Shopify,Pro,,Ops 1,En implementación,Matías Bravo,matias@kiltastreetwear.cl,+56955267722
VSU-0069,Kuno Café,vinos,Chile,VTEX,Max,2025-12-24,Ops 1,Activo,Nicolás Muñoz,nicolas@kunocafe.cl,+56939205737
VSU-0070,Kuno Deco,decohogar,Chile,VTEX,Pro,2025-02-05,Ops 3,Activo,Ignacio Contreras,ignacio@kunodeco.cl,+56947509633
VSU-0071,Kuno Deportes,deportes,Chile,WooCommerce,Pro,2026-07-19,Ops 1,Activo,Paula Navarro,paula@kunodeportes.cl,+56933408545
VSU-0072,Kuno Jardín,decohogar,Chile,VTEX,Max,2025-07-05,Ops 1,Activo,Diego Muñoz,diego@kunojardin.cl,+56973676258
VSU-0073,Lienzo Pet,mascotas,Chile,Jumpseller,Pro,2025-06-17,Ops 1,Activo,Rodrigo Vega,rodrigo@lienzopet.cl,+56938962374
VSU-0074,Lienzo Store,regalos,Chile,Shopify,Pro,2026-03-30,Ops 2,Activo,Ignacio Cáceres,ignacio@lienzostore.cl,+56927913895
VSU-0075,Lumen Labs,ferretería,Chile,Jumpseller,Starter,2024-08-01,Ops 1,Activo,Matías Contreras,matias@lumenlabs.cl,+56946753664
VSU-0076,Maderas Café,vinos,Chile,Shopify,Pro,2025-05-23,Ops 3,Activo,Antonia Contreras,antonia@maderascafe.cl,+56946895986
VSU-0077,Maderas Juguetes,juguetes,Chile,Shopify,Max,2025-09-30,Ops 2,Activo,Fernanda Salas,fernanda@maderasjuguetes.cl,+56912057051
VSU-0078,Maderas Labs,ferretería,Chile,WooCommerce,Pro,2026-01-24,Ops 2,Activo,Antonia Herrera,antonia@maderaslabs.cl,+56940070977
VSU-0079,Maderas Muebles,decohogar,Colombia,VTEX,Pro,2024-07-13,Ops 3,Activo,Fernanda Pizarro,fernanda@maderasmuebles.cl,+56969233887
VSU-0080,Mistral Juguetes,juguetes,Chile,Shopify,Pro,,Ops 3,En implementación,Paula Tapia,paula@mistraljuguetes.cl,+56919524346
VSU-0081,Nudo Cosmética,cosmética,México,VTEX,Max,2024-12-09,Ops 2,Activo,Antonia Navarro,antonia@nudocosmetica.cl,+56999896948
VSU-0082,Nudo Deportes,deportes,Chile,Jumpseller,Pro,2025-10-17,Ops 3,Activo,Javiera Bravo,javiera@nudodeportes.cl,+56952612690
VSU-0083,Nudo Repostería,vinos,México,PrestaShop,Pro,2024-05-02,Ops 1,Activo,Diego Tapia,diego@nudoreposteria.cl,+56939192064
VSU-0084,Nudo Vital,nutrición,Chile,Jumpseller,Pro,2026-07-20,Ops 2,Activo,Andrés Salas,andres@nudovital.cl,+56935913988
VSU-0085,Nutri Deco,decohogar,Chile,Shopify,Pro,2025-03-09,Ops 3,Activo,Valentina Cáceres,valentina@nutrideco.cl,+56988327641
VSU-0086,Nutri Lauret,repuestos,Chile,WooCommerce,Pro,2026-02-19,Ops 1,Activo,Diego Tapia,diego@nutrilauret.cl,+56946319752
VSU-0087,Nutri Relojes,moda,Chile,Shopify,Starter,2025-06-25,Ops 1,Activo,Valentina Contreras,valentina@nutrirelojes.cl,+56956715050
VSU-0088,Ocre Accesorios,moda,Chile,Shopify,Starter,2026-02-21,Ops 3,Activo,Paula Contreras,paula@ocreaccesorios.cl,+56934857054
VSU-0089,Ocre Lauret,repuestos,Chile,VTEX,Max,2024-09-26,Ops 2,Activo,Nicolás Silva,nicolas@ocrelauret.cl,+56995069374
VSU-0090,Ocre Vinos,vinos,Chile,Jumpseller,Pro,2026-05-10,Ops 1,Activo,Camila Vega,camila@ocrevinos.cl,+56980716079
VSU-0091,Origo Baby,juguetes,Chile,Shopify,Starter,2025-11-09,Ops 1,Activo,Paula Bravo,paula@origobaby.cl,+56939345203
VSU-0092,Pampa Hogar,decohogar,México,Shopify,Starter,2024-12-01,Ops 3,Activo,Matías Tapia,matias@pampahogar.cl,+56985632546
VSU-0093,Punto Joyas,moda,Chile,VTEX,Starter,,Ops 1,En implementación,Antonia Herrera,antonia@puntojoyas.cl,+56953901290
VSU-0094,Punto Óptica,moda,México,WooCommerce,Pro,2026-07-16,Ops 1,Activo,Diego Contreras,diego@puntooptica.cl,+56985054240
VSU-0095,Quila Bebés,juguetes,Chile,Shopify,Max,2026-07-24,Ops 1,Activo,Andrés Navarro,andres@quilabebes.cl,+56956759212
VSU-0096,Quila Café,vinos,Chile,VTEX,Starter,2025-03-29,Ops 3,Activo,Antonia Tapia,antonia@quilacafe.cl,+56946335438
VSU-0097,Quila Relojes,moda,Chile,VTEX,Pro,2025-12-14,Ops 2,Activo,Fernanda Cáceres,fernanda@quilarelojes.cl,+56923948360
VSU-0098,Quinta Bebés,juguetes,Chile,Shopify,Pro,2024-10-09,Ops 3,Activo,Camila Tapia,camila@quintabebes.cl,+56978688986
VSU-0099,Quinta Cerámica,decohogar,Perú,Shopify,Max,2026-08-16,Ops 1,Activo,Diego Bravo,diego@quintaceramica.cl,+56954810170
VSU-0100,Quinta Muebles,decohogar,México,PrestaShop,Pro,2025-03-18,Ops 1,Activo,Andrés Contreras,andres@quintamuebles.cl,+56926956313
VSU-0101,Raíz Denim,moda,Chile,WooCommerce,Starter,2025-02-25,Ops 1,Activo,Fernanda Tapia,fernanda@raizdenim.cl,+56937449486
VSU-0102,Raíz Shop,regalos,Perú,Shopify,Pro,2024-07-08,Ops 2,Activo,Matías Bravo,matias@raizshop.cl,+56950565407
VSU-0103,Rústico Repostería,vinos,Chile,Shopify,Pro,2025-04-09,Ops 2,Activo,Ignacio Rojas,ignacio@rusticoreposteria.cl,+56921568800
VSU-0104,Rústico Store,regalos,México,Shopify,Max,2026-08-08,Ops 3,Activo,Nicolás Silva,nicolas@rusticostore.cl,+56946264932
VSU-0105,Sable Libros,regalos,Colombia,VTEX,Starter,2024-10-07,Ops 3,Activo,Matías Bravo,matias@sablelibros.cl,+56985448007
VSU-0106,Sable Perfumes,cosmética,Chile,Jumpseller,Starter,2024-04-04,Ops 2,Activo,Nicolás Tapia,nicolas@sableperfumes.cl,+56979362954
VSU-0107,Tierra Muebles,decohogar,México,VTEX,Pro,2026-01-17,Ops 1,Activo,Antonia Rojas,antonia@tierramuebles.cl,+56981502895
VSU-0108,Tierra Repostería,vinos,México,VTEX,Pro,2025-06-26,Ops 3,Activo,Constanza Vega,constanza@tierrareposteria.cl,+56911221762
VSU-0109,Tostaduría Asados,vinos,Colombia,Shopify,Starter,2024-12-15,Ops 2,Activo,Paula Fuentes,paula@tostaduriaasados.cl,+56936804392
VSU-0110,Tostaduría Bike,deportes,México,WooCommerce,Starter,2025-04-29,Ops 2,Activo,Matías Contreras,matias@tostaduriabike.cl,+56957974285
VSU-0111,Tostaduría Café,vinos,Chile,Shopify,Pro,2026-08-17,Ops 1,Activo,Valentina Vega,valentina@tostaduriacafe.cl,+56928930598
VSU-0112,Tostaduría Skincare,cosmética,México,Shopify,Max,2026-04-11,Ops 2,Activo,Andrés Cáceres,andres@tostaduriaskincare.cl,+56943712654
VSU-0113,Uma Cosmética,cosmética,México,Shopify,Starter,2026-02-20,Ops 3,Activo,Sebastián Bravo,sebastian@umacosmetica.cl,+56938726948
VSU-0114,Uma Deco,decohogar,México,WooCommerce,Pro,2024-06-16,Ops 3,Activo,Ignacio Bravo,ignacio@umadeco.cl,+56937233350
VSU-0115,Urbe Vinos,vinos,Chile,Shopify,Starter,2025-12-24,Ops 3,Activo,Rodrigo Contreras,rodrigo@urbevinos.cl,+56989986928
VSU-0116,Vera Cerámica,decohogar,Chile,VTEX,Pro,2025-06-15,Ops 3,Activo,Rodrigo Muñoz,rodrigo@veraceramica.cl,+56913566730
VSU-0117,Vera Pet,mascotas,Chile,VTEX,Max,2025-09-15,Ops 1,Activo,Antonia Pizarro,antonia@verapet.cl,+56970128773
VSU-0118,Vera Textil,moda,Chile,VTEX,Pro,2026-07-10,Ops 3,Activo,Matías Silva,matias@veratextil.cl,+56917170453
VSU-0119,Verde Baby,juguetes,México,Jumpseller,Starter,2025-10-22,Ops 1,Activo,Matías Vega,matias@verdebaby.cl,+56999532852
VSU-0120,Verde Labs,ferretería,México,WooCommerce,Pro,2025-05-10,Ops 2,Activo,Rodrigo Ortiz,rodrigo@verdelabs.cl,+56985948453
VSU-0121,Verde Libros,regalos,México,WooCommerce,Pro,2024-09-22,Ops 2,Activo,Valentina Muñoz,valentina@verdelibros.cl,+56993995287
VSU-0122,Wanda Cerámica,decohogar,Chile,WooCommerce,Pro,2024-10-17,Ops 2,Activo,Fernanda Contreras,fernanda@wandaceramica.cl,+56981590246
VSU-0123,Wanda Libros,regalos,Chile,VTEX,Max,2025-09-13,Ops 2,Activo,Matías Pizarro,matias@wandalibros.cl,+56926250757
VSU-0124,Wanda Zapatos,moda,Chile,Jumpseller,Max,2024-11-11,Ops 2,Activo,Paula Ortiz,paula@wandazapatos.cl,+56910844009
VSU-0125,Wild Café,vinos,Colombia,WooCommerce,Max,2026-02-05,Ops 3,Activo,Constanza Herrera,constanza@wildcafe.cl,+56990828463
VSU-0126,Wild Skincare,cosmética,Colombia,Jumpseller,Pro,2025-03-20,Ops 2,Activo,Valentina Vega,valentina@wildskincare.cl,+56998097857
VSU-0127,Wild del Sur,repuestos,Chile,Shopify,Starter,2024-09-23,Ops 3,Activo,Valentina Bravo,valentina@wilddelsur.cl,+56919463407
VSU-0128,Xilo Accesorios,moda,México,Shopify,Starter,2026-07-14,Ops 1,Activo,Javiera Vega,javiera@xiloaccesorios.cl,+56939396928
VSU-0129,Xilo Arte,decohogar,Chile,VTEX,Starter,2025-10-20,Ops 2,Activo,Fernanda Bravo,fernanda@xiloarte.cl,+56977126373
VSU-0130,Xilo Zapatos,moda,Chile,WooCommerce,Max,2026-03-08,Ops 1,Activo,Nicolás Navarro,nicolas@xilozapatos.cl,+56947719706
VSU-0131,Yaku Bike,deportes,México,Shopify,Pro,2025-12-13,Ops 3,Activo,Constanza Herrera,constanza@yakubike.cl,+56954955181
VSU-0132,Yaku Nutrición,nutrición,Chile,WooCommerce,Max,2025-09-20,Ops 3,Activo,Antonia Pizarro,antonia@yakunutricion.cl,+56970928407
VSU-0133,Yaku Streetwear,moda,Chile,Shopify,Starter,2026-03-31,Ops 2,Activo,Antonia Muñoz,antonia@yakustreetwear.cl,+56948689483
VSU-0134,Zafiro Asados,vinos,Perú,Shopify,Starter,2025-01-07,Ops 1,Activo,Valentina Salas,valentina@zafiroasados.cl,+56950598202
VSU-0135,Zafiro Market,nutrición,Chile,Shopify,Max,2025-06-20,Ops 3,Activo,Ignacio Silva,ignacio@zafiromarket.cl,+56929622507
VSU-0136,Zafiro Pet,mascotas,Colombia,WooCommerce,Pro,2026-02-20,Ops 2,Activo,Antonia Fuentes,antonia@zafiropet.cl,+56983999860
VSU-0137,Zafiro Skincare,cosmética,Chile,Shopify,Max,2025-10-02,Ops 3,Activo,Diego Bravo,diego@zafiroskincare.cl,+56977272509
VSU-0138,Zafiro Óptica,moda,México,Shopify,Starter,2024-07-29,Ops 3,Activo,Constanza Herrera,constanza@zafirooptica.cl,+56970280002
VSU-0139,Índigo Bike,deportes,Chile,Shopify,Pro,2024-09-22,Ops 1,Activo,Paula Vega,paula@indigobike.cl,+56988434001
VSU-0140,Índigo Labs,ferretería,Chile,Shopify,Starter,2026-01-31,Ops 2,Activo,Nicolás Cáceres,nicolas@indigolabs.cl,+56934968068
