cliente_id,cliente,etapa,nivel_variacion,nivel_panel,nivel_tecnico,estado_activacion,nivel_upsell,plan_sugerido,incremento_mrr_usd,variacion_cliente_pct,variacion_rubro_pct,diferencia_vs_rubro,sesiones_panel_mes_1,sesiones_panel_mes_2,errores_integracion,dias_agente_inactivo,mensajes_no_entregados,pct_vs_mediana_maduro,ratio_vs_p25_maduro,sesiones_panel_nuevo,meses_sobre_limite,uso_promedio_pct,mes_comparacion_1,mes_comparacion_2,mes_actual,motivo_contacto,pts_variacion,pts_panel,pts_tecnico,pts_activacion,pts_upsell,puntaje_prioridad,prioridad,dias_pago_atrasado,plan_actual,rubro,pais
VSU-0031,Fauna Bebés,Maduro,Preocupante,Desenganche fuerte,Vigilar,,No aplica,,,-77.75551102204409,-41.748768472906406,-36.006742549137684,0.0,0.0,0,1,1,,,,0,73.90625,2026-07,2026-08,2026-09,Conversaciones -36.0 pp por debajo de la variación de su rubro | sin actividad relevante en panel: 0 sesiones en 2026-07 y 0 en 2026-08 | salud técnica a vigilar: 0 errores y 1 días inactivo,2,3,1,0,0,6,Muy alta prioridad,41,Max,juguetes,México
VSU-0130,Xilo Zapatos,Maduro,Preocupante,Desenganche fuerte,Vigilar,,No aplica,,,-52.35135135135135,17.288801571709243,-69.64015292306058,0.0,0.0,4,1,4,,,,1,83.225,2026-07,2026-08,2026-09,Conversaciones -69.6 pp por debajo de la variación de su rubro | sin actividad relevante en panel: 0 sesiones en 2026-07 y 0 en 2026-08 | salud técnica a vigilar: 4 errores y 1 días inactivo,2,3,1,0,0,6,Muy alta prioridad,15,Max,moda,Chile
VSU-0006,Aura Muebles,Maduro,Preocupante,Desenganche fuerte,Normal,,Sin oportunidad,Pro,150.0,-52.84090909090908,-14.708603145235887,-38.132305945673195,0.0,0.0,1,0,0,,,,0,57.83333333333333,2026-07,2026-08,2026-09,Conversaciones -38.1 pp por debajo de la variación de su rubro | sin actividad relevante en panel: 0 sesiones en 2026-07 y 0 en 2026-08,2,3,0,0,0,5,Alta prioridad,24,Starter,decohogar,Colombia
VSU-0028,Ergo Deportes,Maduro,En línea,Vigilar,Vigilar,,Oportunidad clara,Pro,150.0,-7.913669064748197,6.793703396851702,-14.707372461599899,6.0,4.0,4,0,3,,,,4,125.25,2026-07,2026-08,2026-09,"actividad de panel en nivel de vigilancia | salud técnica a vigilar: 4 errores y 0 días inactivo | oportunidad de upsell: superó su plan durante 4 meses, con uso promedio de 125%; potencial +USD 150 MRR",0,1,1,0,3,5,Alta prioridad,0,Starter,deportes,Chile
VSU-0077,Maderas Juguetes,Maduro,Vigilar,Desenganche fuerte,Vigilar,,No aplica,,,-75.17642175176422,-41.748768472906406,-33.42765327885782,0.0,0.0,0,1,0,,,,0,51.8,2026-07,2026-08,2026-09,Conversaciones -33.4 pp por debajo de su rubro | sin actividad relevante en panel: 0 sesiones en 2026-07 y 0 en 2026-08 | salud técnica a vigilar: 0 errores y 1 días inactivo,1,3,1,0,0,5,Alta prioridad,35,Max,juguetes,Chile
VSU-0087,Nutri Relojes,Maduro,Preocupante,Desenganche fuerte,Normal,,Sin oportunidad,Pro,150.0,-47.345132743362825,17.288801571709243,-64.63393431507207,0.0,0.0,0,0,0,,,,0,72.83333333333333,2026-07,2026-08,2026-09,Conversaciones -64.6 pp por debajo de la variación de su rubro | sin actividad relevante en panel: 0 sesiones en 2026-07 y 0 en 2026-08,2,3,0,0,0,5,Alta prioridad,38,Starter,moda,Chile
VSU-0096,Quila Café,Maduro,Vigilar,Desenganche fuerte,Vigilar,,Sin oportunidad,Pro,150.0,-59.66850828729282,-29.603122966818475,-30.06538532047435,0.0,0.0,0,1,0,,,,0,53.333333333333336,2026-07,2026-08,2026-09,Conversaciones -30.1 pp por debajo de su rubro | sin actividad relevante en panel: 0 sesiones en 2026-07 y 0 en 2026-08 | salud técnica a vigilar: 0 errores y 1 días inactivo,1,3,1,0,0,5,Alta prioridad,15,Starter,vinos,Chile
VSU-0100,Quinta Muebles,Maduro,Preocupante,Desenganche fuerte,Normal,,Sin oportunidad,Max,250.0,-54.20906567992599,-14.708603145235887,-39.5004625346901,0.0,0.0,0,0,0,,,,0,50.762499999999996,2026-07,2026-08,2026-09,Conversaciones -39.5 pp por debajo de la variación de su rubro | sin actividad relevante en panel: 0 sesiones en 2026-07 y 0 en 2026-08,2,3,0,0,0,5,Alta prioridad,38,Pro,decohogar,México
VSU-0109,Tostaduría Asados,Maduro,Vigilar,Desenganche fuerte,Normal,,Vigilar upsell,Pro,150.0,-48.675496688741724,-29.603122966818475,-19.07237372192325,0.0,0.0,0,0,0,,,,3,93.33333333333333,2026-07,2026-08,2026-09,Conversaciones -19.1 pp por debajo de su rubro | sin actividad relevante en panel: 0 sesiones en 2026-07 y 0 en 2026-08 | posible upsell: uso promedio de 93% del plan,1,3,0,0,1,5,Alta prioridad,25,Starter,vinos,Colombia
VSU-0110,Tostaduría Bike,Maduro,Preocupante,Desenganche fuerte,Normal,,Sin oportunidad,Pro,150.0,-52.490421455938694,6.793703396851702,-59.2841248527904,0.0,0.0,0,0,0,,,,0,77.83333333333333,2026-07,2026-08,2026-09,Conversaciones -59.3 pp por debajo de la variación de su rubro | sin actividad relevante en panel: 0 sesiones en 2026-07 y 0 en 2026-08,2,3,0,0,0,5,Alta prioridad,21,Starter,deportes,México
VSU-0111,Tostaduría Café,Nuevo,,,Vigilar,No despega,Sin oportunidad,Max,250.0,,,,,,0,1,0,7.5124025513819985,0.10717896865520729,0.0,0,4.5,2026-07,2026-08,2026-09,salud técnica a vigilar: 0 errores y 1 días inactivo | cliente nuevo con baja activación: alcanza 7.5% del uso mediano de un cliente maduro de su plan y registra 0 sesiones de panel,0,0,1,4,0,5,Alta prioridad,20,Pro,vinos,Chile
VSU-0133,Yaku Streetwear,Maduro,En línea,Vigilar,Vigilar,,Oportunidad clara,Pro,150.0,14.897579143389205,17.288801571709243,-2.391222428320038,15.0,4.0,4,0,6,,,,4,171.66666666666666,2026-07,2026-08,2026-09,"actividad de panel en nivel de vigilancia | salud técnica a vigilar: 4 errores y 0 días inactivo | oportunidad de upsell: superó su plan durante 4 meses, con uso promedio de 172%; potencial +USD 150 MRR",0,1,1,0,3,5,Alta prioridad,0,Starter,moda,Chile
VSU-0137,Zafiro Skincare,Maduro,Preocupante,Desenganche fuerte,Normal,,No aplica,,,-55.44855549923974,3.6633231574356717,-59.11187865667541,0.0,0.0,0,0,4,,,,2,87.7,2026-07,2026-08,2026-09,Conversaciones -59.1 pp por debajo de la variación de su rubro | sin actividad relevante en panel: 0 sesiones en 2026-07 y 0 en 2026-08,2,3,0,0,0,5,Alta prioridad,14,Max,cosmética,Chile
VSU-0138,Zafiro Óptica,Maduro,Preocupante,Desenganche fuerte,Normal,,Sin oportunidad,Pro,150.0,-48.1203007518797,17.288801571709243,-65.40910232358894,0.0,0.0,1,0,0,,,,0,79.83333333333334,2026-07,2026-08,2026-09,Conversaciones -65.4 pp por debajo de la variación de su rubro | sin actividad relevante en panel: 0 sesiones en 2026-07 y 0 en 2026-08,2,3,0,0,0,5,Alta prioridad,33,Starter,moda,México
VSU-0140,Índigo Labs,Maduro,Preocupante,Desenganche fuerte,Normal,,Sin oportunidad,Pro,150.0,-56.872037914691944,-12.935323383084574,-43.93671453160737,0.0,0.0,0,0,0,,,,0,61.416666666666664,2026-07,2026-08,2026-09,Conversaciones -43.9 pp por debajo de la variación de su rubro | sin actividad relevante en panel: 0 sesiones en 2026-07 y 0 en 2026-08,2,3,0,0,0,5,Alta prioridad,41,Starter,ferretería,Chile
VSU-0005,Aura Lauret,Nuevo,,,Normal,No despega,Sin oportunidad,Max,250.0,,,,,,0,0,0,7.6541459957476965,0.10920121334681497,0.0,0,3.2,2026-07,2026-08,2026-09,cliente nuevo con baja activación: alcanza 7.7% del uso mediano de un cliente maduro de su plan y registra 0 sesiones de panel,0,0,0,4,0,4,Alta prioridad,0,Pro,repuestos,México
VSU-0018,Dunas Andino,Maduro,En línea,Sin señal,Crítico,,Sin oportunidad,Max,250.0,4.876219054763697,3.7726358148893357,1.1035832398743617,17.0,7.0,51,10,330,,,,0,64.51249999999999,2026-07,2026-08,2026-09,"incidente técnico: 10 días de Agente inactivo, 51 errores y 330 mensajes no entregados",0,0,4,0,0,4,Alta prioridad,0,Pro,nutrición,Chile
VSU-0030,Fauna Arte,Maduro,En línea,Sin señal,Crítico,,Sin oportunidad,Pro,150.0,-4.7244094488189,-14.708603145235887,9.984193696416988,14.0,10.0,38,6,379,,,,0,81.08333333333334,2026-07,2026-08,2026-09,"incidente técnico: 6 días de Agente inactivo, 38 errores y 379 mensajes no entregados",0,0,4,0,0,4,Alta prioridad,0,Starter,decohogar,Colombia
VSU-0039,Fiorella Orgánica,Maduro,En línea,Sin señal,Crítico,,Sin oportunidad,Pro,150.0,0.4405286343612369,3.7726358148893357,-3.332107180528099,21.0,21.0,57,8,173,,,,0,74.25,2026-07,2026-08,2026-09,"incidente técnico: 8 días de Agente inactivo, 57 errores y 173 mensajes no entregados",0,0,4,0,0,4,Alta prioridad,0,Starter,nutrición,Chile
VSU-0051,Hidra Montaña,Nuevo,,,Normal,No despega,Sin oportunidad,Max,250.0,,,,,,0,0,0,3.260099220411056,0.04651162790697675,0.0,0,1.9,2026-07,2026-08,2026-09,cliente nuevo con baja activación: alcanza 3.3% del uso mediano de un cliente maduro de su plan y registra 0 sesiones de panel,0,0,0,4,0,4,Alta prioridad,0,Pro,deportes,México
VSU-0053,Ilumina Herramientas,Nuevo,,,Normal,No despega,Sin oportunidad,Max,250.0,,,,,,1,0,0,6.378454996456413,0.0910010111223458,0.0,0,3.25,2026-07,2026-08,2026-09,cliente nuevo con baja activación: alcanza 6.4% del uso mediano de un cliente maduro de su plan y registra 0 sesiones de panel,0,0,0,4,0,4,Alta prioridad,0,Pro,ferretería,Colombia
VSU-0071,Kuno Deportes,Nuevo,,,Normal,No despega,Sin oportunidad,Max,250.0,,,,,,1,0,0,10.489014883061659,0.14964610717896867,0.0,0,6.35,2026-07,2026-08,2026-09,cliente nuevo con baja activación: alcanza 10.5% del uso mediano de un cliente maduro de su plan y registra 0 sesiones de panel,0,0,0,4,0,4,Alta prioridad,0,Pro,deportes,Chile
VSU-0088,Ocre Accesorios,Maduro,Preocupante,Vigilar,Vigilar,,Sin oportunidad,Pro,150.0,-21.311475409836067,17.288801571709243,-38.600276981545306,8.0,2.0,4,0,0,,,,0,71.16666666666666,2026-07,2026-08,2026-09,Conversaciones -38.6 pp por debajo de la variación de su rubro | actividad de panel en nivel de vigilancia | salud técnica a vigilar: 4 errores y 0 días inactivo,2,1,1,0,0,4,Alta prioridad,0,Starter,moda,Chile
VSU-0094,Punto Óptica,Nuevo,,,Normal,No despega,Sin oportunidad,Max,250.0,,,,,,0,0,0,20.411055988660525,0.2912032355915066,0.0,0,7.3,2026-07,2026-08,2026-09,cliente nuevo con baja activación: alcanza 20.4% del uso mediano de un cliente maduro de su plan y registra 0 sesiones de panel,0,0,0,4,0,4,Alta prioridad,0,Pro,moda,México
VSU-0104,Rústico Store,Nuevo,,,Normal,No despega,No aplica,,,,,,,,0,0,1,7.168458781362006,0.09540846750149075,0.0,0,7.175,2026-07,2026-08,2026-09,cliente nuevo con baja activación: alcanza 7.2% del uso mediano de un cliente maduro de su plan y registra 0 sesiones de panel,0,0,0,4,0,4,Alta prioridad,0,Max,regalos,México
VSU-0115,Urbe Vinos ,Maduro,En línea,Sin señal,Crítico,,Sin oportunidad,Pro,150.0,31.924882629107977,-29.603122966818475,61.52800559592645,19.0,10.0,63,10,255,,,,0,82.83333333333334,2026-07,2026-08,2026-09,"incidente técnico: 10 días de Agente inactivo, 63 errores y 255 mensajes no entregados",0,0,4,0,0,4,Alta prioridad,0,Starter,vinos,Chile
VSU-0118,Vera Textil,Nuevo,,,Normal,No despega,Sin oportunidad,Max,250.0,,,,,,1,0,0,8.22111977321049,0.11729019211324572,0.0,0,5.4,2026-07,2026-08,2026-09,cliente nuevo con baja activación: alcanza 8.2% del uso mediano de un cliente maduro de su plan y registra 0 sesiones de panel,0,0,0,4,0,4,Alta prioridad,0,Pro,moda,Chile
VSU-0124,Wanda Zapatos,Maduro,En línea,Sin señal,Crítico,,No aplica,,,1.739317156968001,17.288801571709243,-15.549484414741242,21.0,15.0,63,8,164,,,,3,107.84375,2026-07,2026-08,2026-09,"incidente técnico: 8 días de Agente inactivo, 63 errores y 164 mensajes no entregados",0,0,4,0,0,4,Alta prioridad,0,Max,moda,Chile
VSU-0008,Bloom Orgánica,Maduro,En línea,Sin señal,Normal,,Oportunidad clara,Pro,150.0,14.136125654450261,3.7726358148893357,10.363489839560925,4.0,11.0,1,0,2,,,,4,176.33333333333334,2026-07,2026-08,2026-09,"oportunidad de upsell: superó su plan durante 4 meses, con uso promedio de 176%; potencial +USD 150 MRR",0,0,0,0,3,3,Prioridad moderada,0,Starter,nutrición,Chile
VSU-0025,Elqui Labs,Maduro,En línea,Sin señal,Normal,,Oportunidad clara,Pro,150.0,25.818181818181827,-12.935323383084574,38.7535052012664,9.0,16.0,0,0,6,,,,4,194.41666666666666,2026-07,2026-08,2026-09,"oportunidad de upsell: superó su plan durante 4 meses, con uso promedio de 194%; potencial +USD 150 MRR",0,0,0,0,3,3,Prioridad moderada,0,Starter,ferretería,Colombia
VSU-0034,Fauna Joyas,Maduro,En línea,Sin señal,Normal,,Oportunidad clara,Pro,150.0,19.95841995841996,17.288801571709243,2.6696183867107166,22.0,6.0,0,0,3,,,,4,158.91666666666666,2026-07,2026-08,2026-09,"oportunidad de upsell: superó su plan durante 4 meses, con uso promedio de 159%; potencial +USD 150 MRR",0,0,0,0,3,3,Prioridad moderada,0,Starter,moda,Colombia
VSU-0047,Granel Skincare,Maduro,En línea,Sin señal,Normal,,Oportunidad clara,Pro,150.0,-11.073825503355705,3.6633231574356717,-14.737148660791377,10.0,7.0,1,0,6,,,,4,173.33333333333331,2026-07,2026-08,2026-09,"oportunidad de upsell: superó su plan durante 4 meses, con uso promedio de 173%; potencial +USD 150 MRR",0,0,0,0,3,3,Prioridad moderada,0,Starter,cosmética,Chile
VSU-0056,Jade Denim,Maduro,Vigilar,Sin señal,Vigilar,,Vigilar upsell,Pro,150.0,-0.8620689655172376,17.288801571709243,-18.15087053722648,4.0,22.0,0,1,1,,,,4,119.58333333333333,2026-07,2026-08,2026-09,Conversaciones -18.2 pp por debajo de su rubro | salud técnica a vigilar: 0 errores y 1 días inactivo | posible upsell: uso promedio de 120% del plan,1,0,1,0,1,3,Prioridad moderada,0,Starter,moda,Chile
VSU-0066,Kilta Hogar,Maduro,En línea,Sin señal,Normal,,Oportunidad clara,Pro,150.0,-4.099821746880572,-14.708603145235887,10.608781398355315,19.0,17.0,0,0,4,,,,4,167.66666666666666,2026-07,2026-08,2026-09,"oportunidad de upsell: superó su plan durante 4 meses, con uso promedio de 168%; potencial +USD 150 MRR",0,0,0,0,3,3,Prioridad moderada,0,Starter,decohogar,Chile
VSU-0105,Sable Libros,Maduro,En línea,Sin señal,Normal,,Oportunidad clara,Pro,150.0,-36.64921465968587,-46.387064173825166,9.737849514139299,13.0,16.0,0,0,8,,,,4,167.41666666666669,2026-07,2026-08,2026-09,"oportunidad de upsell: superó su plan durante 4 meses, con uso promedio de 167%; potencial +USD 150 MRR",0,0,0,0,3,3,Prioridad moderada,0,Starter,regalos,Colombia
VSU-0067,kilta pet,Maduro,Preocupante,Sin señal,Normal,,Vigilar upsell,Pro,150.0,-17.63085399449036,29.38978829389789,-47.020642288388245,21.0,21.0,0,0,2,,,,3,113.66666666666666,2026-07,2026-08,2026-09,Conversaciones -47.0 pp por debajo de la variación de su rubro | posible upsell: uso promedio de 114% del plan,2,0,0,0,1,3,Prioridad moderada,0,Starter,mascotas,Chile
VSU-0014,Delta Market,Maduro,En línea,Vigilar,Normal,,Vigilar upsell,Pro,150.0,-2.2408963585434205,3.7726358148893357,-6.013532173432756,16.0,4.0,0,0,0,,,,4,118.5,2026-07,2026-08,2026-09,actividad de panel en nivel de vigilancia | posible upsell: uso promedio de 118% del plan,0,1,0,0,1,2,Prioridad moderada,0,Starter,nutrición,Chile
VSU-0035,Fauna Pet,Maduro,Vigilar,Sin señal,Vigilar,,Sin oportunidad,Max,250.0,-5.429292929292928,29.38978829389789,-34.81908122319082,4.0,14.0,4,0,7,,,,0,39.225,2026-07,2026-08,2026-09,Conversaciones -34.8 pp por debajo de su rubro | salud técnica a vigilar: 4 errores y 0 días inactivo,1,0,1,0,0,2,Prioridad moderada,0,Pro,mascotas,Chile
VSU-0042,Golden Accesorios,Maduro,Vigilar,Sin señal,Vigilar,,No aplica,,,-8.290840415486311,17.288801571709243,-25.579641987195554,13.0,22.0,2,0,48,,,,4,119.225,2026-07,2026-08,2026-09,Conversaciones -25.6 pp por debajo de su rubro | salud técnica a vigilar: 2 errores y 0 días inactivo,1,0,1,0,0,2,Prioridad moderada,0,Max,moda,Chile
VSU-0043,Golden Perfumes,Maduro,En línea,Sin señal,Vigilar,,Vigilar upsell,Max,250.0,0.4803493449781593,3.6633231574356717,-3.1829738124575124,22.0,20.0,0,1,10,,,,2,102.325,2026-07,2026-08,2026-09,salud técnica a vigilar: 0 errores y 1 días inactivo | posible upsell: uso promedio de 102% del plan,0,0,1,0,1,2,Prioridad moderada,0,Pro,cosmética,Chile
VSU-0046,Granel Juguetes,Maduro,Vigilar,Vigilar,Normal,,Sin oportunidad,Pro,150.0,-60.86956521739131,-41.748768472906406,-19.120796744484906,4.0,2.0,0,0,0,,,,0,59.916666666666664,2026-07,2026-08,2026-09,Conversaciones -19.1 pp por debajo de su rubro | actividad de panel en nivel de vigilancia,1,1,0,0,0,2,Prioridad moderada,0,Starter,juguetes,Chile
VSU-0052,Ilumina Cosmética ,Maduro,Vigilar,Sin señal,Vigilar,,Sin oportunidad,Pro,150.0,-13.584905660377355,3.6633231574356717,-17.24822881781303,10.0,11.0,1,1,3,,,,0,84.75,2026-07,2026-08,2026-09,Conversaciones -17.2 pp por debajo de su rubro | salud técnica a vigilar: 1 errores y 1 días inactivo,1,0,1,0,0,2,Prioridad moderada,0,Starter,cosmética,Chile
VSU-0054,Ilumina Market,Maduro,Vigilar,Sin señal,Vigilar,,No aplica,,,-14.858342077649523,3.7726358148893357,-18.63097789253886,13.0,17.0,9,0,13,,,,3,108.41874999999999,2026-07,2026-08,2026-09,Conversaciones -18.6 pp por debajo de su rubro | salud técnica a vigilar: 9 errores y 0 días inactivo,1,0,1,0,0,2,Prioridad moderada,0,Max,nutrición,Chile
VSU-0062,Juana Mascotas,Maduro,En línea,Sin señal,Vigilar,,Vigilar upsell,Max,250.0,14.224137931034475,29.38978829389789,-15.165650362863415,11.0,10.0,0,0,36,,,,4,116.2125,2026-07,2026-08,2026-09,salud técnica a vigilar: 0 errores y 0 días inactivo | posible upsell: uso promedio de 116% del plan,0,0,1,0,1,2,Prioridad moderada,0,Pro,mascotas,Chile
VSU-0065,Kilta Baby,Maduro,En línea,Sin señal,Vigilar,,Vigilar upsell,Pro,150.0,-38.036809815950924,-41.748768472906406,3.711958656955481,16.0,22.0,4,0,2,,,,3,103.66666666666667,2026-07,2026-08,2026-09,salud técnica a vigilar: 4 errores y 0 días inactivo | posible upsell: uso promedio de 104% del plan,0,0,1,0,1,2,Prioridad moderada,0,Starter,juguetes,México
VSU-0078,Maderas Labs,Maduro,Vigilar,Vigilar,Normal,,Sin oportunidad,Max,250.0,-28.354978354978357,-12.935323383084574,-15.419654971893783,6.0,0.0,1,0,0,,,,0,27.075,2026-07,2026-08,2026-09,Conversaciones -15.4 pp por debajo de su rubro | actividad de panel en nivel de vigilancia,1,1,0,0,0,2,Prioridad moderada,0,Pro,ferretería,Chile
VSU-0079,Maderas Muebles,Maduro,En línea,Sin señal,Vigilar,,Vigilar upsell,Max,250.0,-10.895456550507276,-14.708603145235887,3.813146594728611,10.0,21.0,0,1,33,,,,2,95.5,2026-07,2026-08,2026-09,salud técnica a vigilar: 0 errores y 1 días inactivo | posible upsell: uso promedio de 96% del plan,0,0,1,0,1,2,Prioridad moderada,0,Pro,decohogar,Colombia
VSU-0097,Quila Relojes,Maduro,Vigilar,Sin señal,Vigilar,,Sin oportunidad,Max,250.0,-9.496124031007746,17.288801571709243,-26.78492560271699,20.0,19.0,9,0,8,,,,0,49.25,2026-07,2026-08,2026-09,Conversaciones -26.8 pp por debajo de su rubro | salud técnica a vigilar: 9 errores y 0 días inactivo,1,0,1,0,0,2,Prioridad moderada,0,Pro,moda,Chile
VSU-0099,Quinta Cerámica,Nuevo,,,Vigilar,Vigilar,No aplica,,,,,,,,1,0,35,137.00716845878136,1.8234943351222421,2.0,0,99.35000000000001,2026-07,2026-08,2026-09,salud técnica a vigilar: 1 errores y 0 días inactivo | cliente nuevo con activación por debajo del rango esperado (137.0% de la mediana madura),0,0,1,1,0,2,Prioridad moderada,0,Max,decohogar,Perú
VSU-0101,Raíz Denim,Maduro,En línea,Sin señal,Vigilar,,Vigilar upsell,Pro,150.0,2.8213166144200663,17.288801571709243,-14.467484957289177,22.0,12.0,0,2,4,,,,3,106.58333333333333,2026-07,2026-08,2026-09,salud técnica a vigilar: 0 errores y 2 días inactivo | posible upsell: uso promedio de 107% del plan,0,0,1,0,1,2,Prioridad moderada,0,Starter,moda,Chile
VSU-0114,Uma Deco,Maduro,Vigilar,Vigilar,Normal,,Sin oportunidad,Max,250.0,-40.24604569420035,-14.708603145235887,-25.53744254896446,7.0,0.0,0,0,3,,,,0,29.349999999999998,2026-07,2026-08,2026-09,Conversaciones -25.5 pp por debajo de su rubro | actividad de panel en nivel de vigilancia,1,1,0,0,0,2,Prioridad moderada,0,Pro,decohogar,México
VSU-0117,Vera Pet,Maduro,Preocupante,Sin señal,Normal,,No aplica,,,-25.944404846756953,29.38978829389789,-55.33419314065485,2.0,4.0,1,0,6,,,,0,44.63125,2026-07,2026-08,2026-09,Conversaciones -55.3 pp por debajo de la variación de su rubro,2,0,0,0,0,2,Prioridad moderada,0,Max,mascotas,Chile
VSU-0122,Wanda Cerámica,Maduro,En línea,Vigilar,Normal,,Vigilar upsell,Max,250.0,5.078597339782354,-14.708603145235887,19.78720048501824,17.0,4.0,0,0,23,,,,3,115.1375,2026-07,2026-08,2026-09,actividad de panel en nivel de vigilancia | posible upsell: uso promedio de 115% del plan,0,1,0,0,1,2,Prioridad moderada,0,Pro,decohogar,Chile
VSU-0002,Andes Montaña,Maduro,Vigilar,Sin señal,Normal,,Sin oportunidad,Pro,150.0,-17.441860465116278,6.793703396851702,-24.235563861967982,8.0,6.0,0,0,0,,,,1,75.0,2026-07,2026-08,2026-09,Conversaciones -24.2 pp por debajo de su rubro,1,0,0,0,0,1,Baja prioridad,0,Starter,deportes,Chile
VSU-0003,Andes Vinos,Nuevo,,,Vigilar,Activación normal,Sin oportunidad,Pro,150.0,,,,,,9,0,1,99.40828402366864,2.382978723404255,7.0,0,70.33333333333334,2026-07,2026-08,2026-09,salud técnica a vigilar: 9 errores y 0 días inactivo,0,0,1,0,0,1,Baja prioridad,0,Starter,vinos,Colombia
VSU-0007,Aura Solar,Maduro,En línea,Vigilar,Normal,,Sin oportunidad,Pro,150.0,-25.531914893617024,-12.935323383084574,-12.59659151053245,6.0,0.0,0,0,0,,,,1,75.0,2026-07,2026-08,2026-09,actividad de panel en nivel de vigilancia,0,1,0,0,0,1,Baja prioridad,0,Starter,ferretería,México
VSU-0011,Bravo Skincare,Maduro,En línea,Sin señal,Vigilar,,Sin oportunidad,Max,250.0,-4.453049370764761,3.6633231574356717,-8.116372528200433,6.0,5.0,9,0,7,,,,0,47.9875,2026-07,2026-08,2026-09,salud técnica a vigilar: 9 errores y 0 días inactivo,0,0,1,0,0,1,Baja prioridad,0,Pro,cosmética,Chile
VSU-0012,Cobre Relojes,Nuevo,,,Normal,Activación normal,Vigilar upsell,Pro,150.0,,,,,,0,0,3,137.27810650887577,3.2907801418439715,15.0,1,105.0,2026-07,2026-08,2026-09,posible upsell: uso promedio de 105% del plan,0,0,0,0,1,1,Baja prioridad,0,Starter,moda,México
VSU-0015,Delta Montaña,Maduro,Vigilar,Sin señal,Normal,,Sin oportunidad,Pro,150.0,-10.038610038610042,6.793703396851702,-16.832313435461742,11.0,17.0,1,0,1,,,,0,84.66666666666666,2026-07,2026-08,2026-09,Conversaciones -16.8 pp por debajo de su rubro,1,0,0,0,0,1,Baja prioridad,0,Starter,deportes,México
VSU-0017,Delta Nutrición,Maduro,En línea,Sin señal,Vigilar,,Sin oportunidad,Max,250.0,6.052631578947376,3.7726358148893357,2.2799957640580404,13.0,10.0,9,0,12,,,,0,42.2,2026-07,2026-08,2026-09,salud técnica a vigilar: 9 errores y 0 días inactivo,0,0,1,0,0,1,Baja prioridad,0,Pro,nutrición,Perú
VSU-0019,Dunas Arte,Maduro,En línea,Sin señal,Vigilar,,No aplica,,,25.088841506751947,-14.708603145235887,39.79744465198783,11.0,22.0,9,0,3,,,,0,76.70625,2026-07,2026-08,2026-09,salud técnica a vigilar: 9 errores y 0 días inactivo,0,0,1,0,0,1,Baja prioridad,0,Max,decohogar,Chile
VSU-0027,Elqui Textil,Maduro,En línea,Sin señal,Vigilar,,No aplica,,,17.426617269877465,17.288801571709243,0.1378156981682217,6.0,18.0,1,0,87,,,,4,175.00625,2026-07,2026-08,2026-09,salud técnica a vigilar: 1 errores y 0 días inactivo,0,0,1,0,0,1,Baja prioridad,0,Max,moda,México
VSU-0029,Ergo Vital,Nuevo,,,Vigilar,Activación normal,Sin oportunidad,Max,250.0,,,,,,0,2,4,87.88093550673281,1.2537917087967645,3.0,0,55.45,2026-07,2026-08,2026-09,salud técnica a vigilar: 0 errores y 2 días inactivo,0,0,1,0,0,1,Baja prioridad,7,Pro,nutrición,Chile
VSU-0036,FIORELLA HERRAMIENTAS,Maduro,En línea,Sin señal,Vigilar,,No aplica,,,15.871559633027532,-12.935323383084574,28.806883016112106,22.0,16.0,0,1,8,,,,0,89.2,2026-07,2026-08,2026-09,salud técnica a vigilar: 0 errores y 1 días inactivo,0,0,1,0,0,1,Baja prioridad,0,Max,ferretería,Chile
VSU-0048,Harto Juguetes,Maduro,En línea,Sin señal,Vigilar,,No aplica,,,-35.98278335724534,-41.748768472906406,5.765985115661067,9.0,8.0,1,1,50,,,,4,138.15,2026-07,2026-08,2026-09,salud técnica a vigilar: 1 errores y 1 días inactivo,0,0,1,0,0,1,Baja prioridad,0,Max,juguetes,Chile
VSU-0049,Hidra Cerámica,Maduro,En línea,Sin señal,Normal,,Vigilar upsell,Pro,150.0,7.763975155279512,-14.708603145235887,22.4725783005154,21.0,5.0,2,0,2,,,,3,105.5,2026-07,2026-08,2026-09,posible upsell: uso promedio de 106% del plan,0,0,0,0,1,1,Baja prioridad,14,Starter,decohogar,México
VSU-0057,Jade Herramientas,Maduro,En línea,Sin señal,Vigilar,,No aplica,,,-6.762177650429802,-12.935323383084574,6.173145732654772,8.0,10.0,1,1,3,,,,0,79.575,2026-07,2026-08,2026-09,salud técnica a vigilar: 1 errores y 1 días inactivo,0,0,1,0,0,1,Baja prioridad,0,Max,ferretería,Chile
VSU-0060,Juana Cerámica,Nuevo,,,Vigilar,Activación normal,Sin oportunidad,Max,250.0,,,,,,4,0,8,83.06165839829907,1.1850353892821033,14.0,0,33.800000000000004,2026-07,2026-08,2026-09,salud técnica a vigilar: 4 errores y 0 días inactivo,0,0,1,0,0,1,Baja prioridad,0,Pro,decohogar,Chile
VSU-0063,Juana Solar,Maduro,En línea,Sin señal,Normal,,Vigilar upsell,Pro,150.0,-0.5847953216374324,-12.935323383084574,12.350528061447141,12.0,5.0,1,0,1,,,,4,115.75,2026-07,2026-08,2026-09,posible upsell: uso promedio de 116% del plan,0,0,0,0,1,1,Baja prioridad,18,Starter,ferretería,Perú
VSU-0064,Kilta Arte,Maduro,En línea,Sin señal,Vigilar,,No aplica,,,6.401098901098901,-14.708603145235887,21.10970204633479,8.0,22.0,4,0,2,,,,0,91.41875,2026-07,2026-08,2026-09,salud técnica a vigilar: 4 errores y 0 días inactivo,0,0,1,0,0,1,Baja prioridad,0,Max,decohogar,Chile
VSU-0069,Kuno Café,Maduro,En línea,Sin señal,Vigilar,,No aplica,,,4.484933426769455,-29.603122966818475,34.088056393587934,6.0,15.0,0,1,33,,,,0,67.73125,2026-07,2026-08,2026-09,salud técnica a vigilar: 0 errores y 1 días inactivo,0,0,1,0,0,1,Baja prioridad,0,Max,vinos,Chile
VSU-0073,Lienzo Pet,Maduro,En línea,Sin señal,Normal,,Vigilar upsell,Max,250.0,3.536067892503536,29.38978829389789,-25.853720401394355,4.0,14.0,1,0,4,,,,3,100.625,2026-07,2026-08,2026-09,posible upsell: uso promedio de 101% del plan,0,0,0,0,1,1,Baja prioridad,0,Pro,mascotas,Chile
VSU-0074,Lienzo Store,Maduro,En línea,Sin señal,Vigilar,,Sin oportunidad,Max,250.0,-48.9646772228989,-46.387064173825166,-2.577613049073733,12.0,17.0,1,2,3,,,,0,35.887499999999996,2026-07,2026-08,2026-09,salud técnica a vigilar: 1 errores y 2 días inactivo,0,0,1,0,0,1,Baja prioridad,0,Pro,regalos,Chile
VSU-0075,Lumen Labs,Maduro,En línea,Sin señal,Normal,,Vigilar upsell,Pro,150.0,10.769230769230775,-12.935323383084574,23.70455415231535,21.0,21.0,1,0,2,,,,3,109.41666666666666,2026-07,2026-08,2026-09,posible upsell: uso promedio de 109% del plan,0,0,0,0,1,1,Baja prioridad,0,Starter,ferretería,Chile
VSU-0082,Nudo Deportes,Maduro,En línea,Sin señal,Normal,,Vigilar upsell,Max,250.0,15.574506283662481,6.793703396851702,8.780802886810779,22.0,5.0,0,0,25,,,,2,104.7625,2026-07,2026-08,2026-09,posible upsell: uso promedio de 105% del plan,0,0,0,0,1,1,Baja prioridad,0,Pro,deportes,Chile
VSU-0083,Nudo Repostería,Maduro,En línea,Vigilar,Normal,,Sin oportunidad,Max,250.0,-27.74193548387097,-29.603122966818475,1.8611874829475035,1.0,0.0,0,0,2,,,,0,41.050000000000004,2026-07,2026-08,2026-09,actividad de panel en nivel de vigilancia,0,1,0,0,0,1,Baja prioridad,0,Pro,vinos,México
VSU-0089,Ocre Lauret,Maduro,En línea,Vigilar,Normal,,No aplica,,,-2.9715762273901825,-9.069493521790339,6.0979172944001565,20.0,4.0,1,0,19,,,,1,95.325,2026-07,2026-08,2026-09,actividad de panel en nivel de vigilancia,0,1,0,0,0,1,Baja prioridad,0,Max,repuestos,Chile
VSU-0091,Origo Baby,Maduro,En línea,Sin señal,Vigilar,,Sin oportunidad,Pro,150.0,-49.224806201550386,-41.748768472906406,-7.4760377286439805,11.0,6.0,1,2,1,,,,0,73.83333333333333,2026-07,2026-08,2026-09,salud técnica a vigilar: 1 errores y 2 días inactivo,0,0,1,0,0,1,Baja prioridad,0,Starter,juguetes,Chile
VSU-0095,Quila Bebés,Nuevo,,,Vigilar,Activación normal,No aplica,,,,,,,,1,0,38,96.14695340501791,1.2796660703637446,8.0,0,42.125,2026-07,2026-08,2026-09,salud técnica a vigilar: 1 errores y 0 días inactivo,0,0,1,0,0,1,Baja prioridad,0,Max,juguetes,Chile
VSU-0098,Quinta Bebés,Maduro,En línea,Sin señal,Normal,,Vigilar upsell,Max,250.0,-32.53676470588235,-41.748768472906406,9.212003767024058,18.0,19.0,1,0,22,,,,2,95.225,2026-07,2026-08,2026-09,posible upsell: uso promedio de 95% del plan,0,0,0,0,1,1,Baja prioridad,0,Pro,juguetes,Chile
VSU-0103,Rústico Repostería,Maduro,En línea,Vigilar,Normal,,Sin oportunidad,Max,250.0,-31.496062992125985,-29.603122966818475,-1.8929400253075102,4.0,2.0,0,0,4,,,,0,42.4125,2026-07,2026-08,2026-09,actividad de panel en nivel de vigilancia,0,1,0,0,0,1,Baja prioridad,0,Pro,vinos,Chile
VSU-0108,Tierra Repostería,Maduro,En línea,Vigilar,Normal,,Sin oportunidad,Max,250.0,9.126984126984116,-29.603122966818475,38.73010709380259,12.0,4.0,2,0,2,,,,0,49.8875,2026-07,2026-08,2026-09,actividad de panel en nivel de vigilancia,0,1,0,0,0,1,Baja prioridad,0,Pro,vinos,México
VSU-0112,Tostaduría Skincare,Maduro,En línea,Sin señal,Vigilar,,No aplica,,,21.14583333333333,3.6633231574356717,17.48251017589766,6.0,12.0,0,1,44,,,,0,78.74375,2026-07,2026-08,2026-09,salud técnica a vigilar: 0 errores y 1 días inactivo,0,0,1,0,0,1,Baja prioridad,0,Max,cosmética,México
VSU-0113,Uma Cosmética,Maduro,En línea,Sin señal,Normal,,Vigilar upsell,Pro,150.0,11.111111111111116,3.6633231574356717,7.447787953675444,18.0,18.0,0,0,2,,,,3,105.66666666666667,2026-07,2026-08,2026-09,posible upsell: uso promedio de 106% del plan,0,0,0,0,1,1,Baja prioridad,0,Starter,cosmética,México
VSU-0120,Verde Labs,Maduro,En línea,Vigilar,Normal,,Sin oportunidad,Max,250.0,-20.31782065834279,-12.935323383084574,-7.382497275258215,8.0,2.0,2,0,5,,,,0,54.5625,2026-07,2026-08,2026-09,actividad de panel en nivel de vigilancia,0,1,0,0,0,1,Baja prioridad,0,Pro,ferretería,México
VSU-0123,Wanda Libros,Maduro,En línea,Sin señal,Vigilar,,No aplica,,,-32.37891356703238,-46.387064173825166,14.008150606792789,21.0,14.0,4,0,45,,,,2,92.59375,2026-07,2026-08,2026-09,salud técnica a vigilar: 4 errores y 0 días inactivo,0,0,1,0,0,1,Baja prioridad,0,Max,regalos,Chile
VSU-0125,Wild Café,Maduro,En línea,Vigilar,Normal,,No aplica,,,-33.535224737009884,-29.603122966818475,-3.9321017701914087,4.0,1.0,0,0,13,,,,1,81.11875,2026-07,2026-08,2026-09,actividad de panel en nivel de vigilancia,0,1,0,0,0,1,Baja prioridad,0,Max,vinos,Colombia
VSU-0126,Wild Skincare,Maduro,En línea,Sin señal,Vigilar,,Sin oportunidad,Max,250.0,10.317460317460325,3.6633231574356717,6.6541371600246535,12.0,15.0,4,1,9,,,,0,67.2375,2026-07,2026-08,2026-09,salud técnica a vigilar: 4 errores y 1 días inactivo,0,0,1,0,0,1,Baja prioridad,0,Pro,cosmética,Colombia
VSU-0129,Xilo Arte,Maduro,En línea,Sin señal,Normal,,Vigilar upsell,Pro,150.0,27.65151515151516,-14.708603145235887,42.36011829675105,9.0,20.0,0,0,0,,,,2,98.58333333333333,2026-07,2026-08,2026-09,posible upsell: uso promedio de 99% del plan,0,0,0,0,1,1,Baja prioridad,0,Starter,decohogar,Chile
VSU-0134,Zafiro Asados,Maduro,En línea,Sin señal,Normal,,Vigilar upsell,Pro,150.0,-1.2820512820512775,-29.603122966818475,28.321071684767197,4.0,17.0,0,0,0,,,,4,103.16666666666666,2026-07,2026-08,2026-09,posible upsell: uso promedio de 103% del plan,0,0,0,0,1,1,Baja prioridad,0,Starter,vinos,Perú
VSU-0135,Zafiro Market,Maduro,En línea,Sin señal,Vigilar,,No aplica,,,3.268160411017562,3.7726358148893357,-0.5044754038717736,8.0,16.0,4,0,69,,,,4,159.99375,2026-07,2026-08,2026-09,salud técnica a vigilar: 4 errores y 0 días inactivo,0,0,1,0,0,1,Baja prioridad,0,Max,nutrición,Chile
VSU-0136,Zafiro Pet,Maduro,En línea,Sin señal,Vigilar,,Sin oportunidad,Max,250.0,30.635118306351174,29.38978829389789,1.2453300124532838,6.0,21.0,9,0,9,,,,0,42.975,2026-07,2026-08,2026-09,salud técnica a vigilar: 9 errores y 0 días inactivo,0,0,1,0,0,1,Baja prioridad,0,Pro,mascotas,Colombia
VSU-0001,Andes Mascotas,Maduro,En línea,Sin señal,Normal,,Sin oportunidad,Pro,150.0,5.116279069767438,29.38978829389789,-24.273509224130454,7.0,17.0,0,0,1,,,,0,79.41666666666666,2026-07,2026-08,2026-09,Sin señales relevantes,0,0,0,0,0,0,Baja prioridad,0,Starter,mascotas,Colombia
VSU-0004,Aura Bebés,Maduro,En línea,Sin señal,Normal,,Sin oportunidad,Pro,150.0,-45.33898305084746,-41.748768472906406,-3.5902145779410546,8.0,17.0,1,0,2,,,,0,68.25,2026-07,2026-08,2026-09,Sin señales relevantes,0,0,0,0,0,0,Baja prioridad,0,Starter,juguetes,Chile
VSU-0009,Bloom Surf,Nuevo,,,Normal,Activación normal,No aplica,,,,,,,,0,0,27,115.41218637992831,1.5360763267740012,4.0,1,106.45,2026-07,2026-08,2026-09,Sin señales relevantes,0,0,0,0,0,0,Baja prioridad,0,Max,deportes,Chile
VSU-0010,Bloom Vital,Maduro,En línea,Sin señal,Normal,,Sin oportunidad,Max,250.0,2.3615635179152994,3.7726358148893357,-1.4110722969740364,14.0,10.0,2,0,3,,,,0,63.025,2026-07,2026-08,2026-09,Sin señales relevantes,0,0,0,0,0,0,Baja prioridad,0,Pro,nutrición,Chile
VSU-0013,Delta Labs,Maduro,En línea,Sin señal,Normal,,Sin oportunidad,Pro,150.0,-7.092198581560282,-12.935323383084574,5.843124801524292,7.0,5.0,0,0,2,,,,0,90.41666666666666,2026-07,2026-08,2026-09,Sin señales relevantes,0,0,0,0,0,0,Baja prioridad,0,Starter,ferretería,Chile
VSU-0016,Delta Muebles,Maduro,En línea,Sin señal,Normal,,Sin oportunidad,Pro,150.0,5.288461538461542,-14.708603145235887,19.99706468369743,16.0,12.0,0,0,1,,,,0,66.75,2026-07,2026-08,2026-09,Sin señales relevantes,0,0,0,0,0,0,Baja prioridad,0,Starter,decohogar,México
VSU-0020,Dunas Hogar,Maduro,En línea,Sin señal,Normal,,Sin oportunidad,Max,250.0,-4.613385315139706,-14.708603145235887,10.095217830096182,19.0,19.0,2,0,8,,,,0,74.825,2026-07,2026-08,2026-09,Sin señales relevantes,0,0,0,0,0,0,Baja prioridad,0,Pro,decohogar,Colombia
VSU-0021,Dunas Juguetes,Maduro,En línea,Sin señal,Normal,,Sin oportunidad,Max,250.0,-41.748768472906406,-41.748768472906406,0.0,19.0,10.0,1,0,6,,,,0,35.6,2026-07,2026-08,2026-09,Sin señales relevantes,0,0,0,0,0,0,Baja prioridad,0,Pro,juguetes,Chile
VSU-0022,Dunas Muebles,Maduro,En línea,Sin señal,Normal,,Sin oportunidad,Max,250.0,11.759999999999993,-14.708603145235887,26.468603145235882,4.0,5.0,1,0,8,,,,0,65.4125,2026-07,2026-08,2026-09,Sin señales relevantes,0,0,0,0,0,0,Baja prioridad,0,Pro,decohogar,México
VSU-0024,Elqui Deportes,Maduro,En línea,Sin señal,Normal,,Sin oportunidad,Max,250.0,0.7922535211267512,6.793703396851702,-6.001449875724951,19.0,11.0,2,0,13,,,,0,53.4625,2026-07,2026-08,2026-09,Sin señales relevantes,0,0,0,0,0,0,Baja prioridad,0,Pro,deportes,México
VSU-0026,Elqui Norte,Maduro,En línea,Sin señal,Normal,,Sin oportunidad,Pro,150.0,2.577319587628857,3.7726358148893357,-1.195316227260479,16.0,11.0,0,0,1,,,,0,69.5,2026-07,2026-08,2026-09,Sin señales relevantes,0,0,0,0,0,0,Baja prioridad,0,Starter,nutrición,Chile
VSU-0032,Fauna Hogar,Maduro,En línea,Sin señal,Normal,,No aplica,,,18.156378600823043,-14.708603145235887,32.86498174605893,18.0,9.0,1,0,5,,,,4,148.7625,2026-07,2026-08,2026-09,Sin señales relevantes,0,0,0,0,0,0,Baja prioridad,0,Max,decohogar,Chile
VSU-0033,Fauna Jardín,Maduro,En línea,Sin señal,Normal,,Sin oportunidad,Max,250.0,-7.303807303807308,-14.708603145235887,7.404795841428579,11.0,14.0,0,0,11,,,,0,63.55,2026-07,2026-08,2026-09,Sin señales relevantes,0,0,0,0,0,0,Baja prioridad,0,Pro,decohogar,Chile
VSU-0037,Fiorella Labs,Maduro,En línea,Sin señal,Normal,,No aplica,,,8.837377761680543,-12.935323383084574,21.772701144765115,18.0,13.0,1,0,8,,,,0,72.075,2026-07,2026-08,2026-09,Sin señales relevantes,0,0,0,0,0,0,Baja prioridad,0,Max,ferretería,México
VSU-0038,Fiorella Montaña,Nuevo,,,Normal,Activación normal,Sin oportunidad,Max,250.0,,,,,,0,0,18,139.47554925584691,1.9898887765419617,9.0,0,87.85,2026-07,2026-08,2026-09,Sin señales relevantes,0,0,0,0,0,0,Baja prioridad,0,Pro,deportes,Chile
VSU-0040,Fiorella Store,Maduro,En línea,Sin señal,Normal,,Sin oportunidad,Max,250.0,-30.14996053670087,-46.387064173825166,16.237103637124296,9.0,18.0,0,0,0,,,,0,61.8125,2026-07,2026-08,2026-09,Sin señales relevantes,0,0,0,0,0,0,Baja prioridad,0,Pro,regalos,México
VSU-0041,Fiorella Vinos,Maduro,En línea,Sin señal,Normal,,Sin oportunidad,Pro,150.0,-32.35294117647059,-29.603122966818475,-2.749818209652112,2.0,5.0,0,0,0,,,,1,83.5,2026-07,2026-08,2026-09,Sin señales relevantes,0,0,0,0,0,0,Baja prioridad,0,Starter,vinos,Perú
VSU-0044,Granel Arte,Maduro,En línea,Sin señal,Normal,,Sin oportunidad,Max,250.0,-13.232253618194346,-14.708603145235887,1.4763495270415419,16.0,18.0,1,0,0,,,,0,61.8125,2026-07,2026-08,2026-09,Sin señales relevantes,0,0,0,0,0,0,Baja prioridad,0,Pro,decohogar,México
VSU-0055,Ilumina Solar,Maduro,En línea,Sin señal,Normal,,Sin oportunidad,Pro,150.0,-15.228426395939088,-12.935323383084574,-2.2931030128545142,3.0,3.0,0,0,0,,,,0,75.66666666666666,2026-07,2026-08,2026-09,Sin señales relevantes,0,0,0,0,0,0,Baja prioridad,0,Starter,ferretería,Chile
VSU-0059,Juana Baby,Maduro,En línea,Sin señal,Normal,,Sin oportunidad,Max,250.0,-39.85680190930787,-41.748768472906406,1.8919665635985368,17.0,7.0,0,0,0,,,,0,40.15,2026-07,2026-08,2026-09,Sin señales relevantes,0,0,0,0,0,0,Baja prioridad,0,Pro,juguetes,Chile
VSU-0070,Kuno Deco,Maduro,En línea,Sin señal,Normal,,Sin oportunidad,Max,250.0,-1.2378426171529622,-14.708603145235887,13.470760528082925,10.0,13.0,0,0,14,,,,0,54.599999999999994,2026-07,2026-08,2026-09,Sin señales relevantes,0,0,0,0,0,0,Baja prioridad,0,Pro,decohogar,Chile
VSU-0072,Kuno Jardín,Maduro,En línea,Sin señal,Normal,,No aplica,,,10.68779501011463,-14.708603145235887,25.396398155350518,4.0,20.0,0,0,24,,,,0,79.58125,2026-07,2026-08,2026-09,Sin señales relevantes,0,0,0,0,0,0,Baja prioridad,0,Max,decohogar,Chile
VSU-0076,Maderas Café,Maduro,En línea,Sin señal,Normal,,Sin oportunidad,Max,250.0,2.6264591439688623,-29.603122966818475,32.229582110787334,17.0,21.0,1,0,6,,,,0,49.4375,2026-07,2026-08,2026-09,Sin señales relevantes,0,0,0,0,0,0,Baja prioridad,0,Pro,vinos,Chile
VSU-0081,Nudo Cosmética,Maduro,En línea,Sin señal,Normal,,No aplica,,,2.6137135098438513,3.6633231574356717,-1.0496096475918204,12.0,10.0,0,0,26,,,,0,68.51875,2026-07,2026-08,2026-09,Sin señales relevantes,0,0,0,0,0,0,Baja prioridad,13,Max,cosmética,México
VSU-0084,Nudo Vital,Nuevo,,,Normal,Activación normal,Sin oportunidad,Max,250.0,,,,,,0,0,4,85.61304039688164,1.2214357937310416,13.0,0,43.25,2026-07,2026-08,2026-09,Sin señales relevantes,0,0,0,0,0,0,Baja prioridad,0,Pro,nutrición,Chile
VSU-0085,Nutri Deco,Maduro,En línea,Sin señal,Normal,,Sin oportunidad,Max,250.0,-14.557670772676367,-14.708603145235887,0.1509323725595202,4.0,21.0,1,0,0,,,,0,42.075,2026-07,2026-08,2026-09,Sin señales relevantes,0,0,0,0,0,0,Baja prioridad,0,Pro,decohogar,Chile
VSU-0086,Nutri Lauret,Maduro,En línea,Sin señal,Normal,,Sin oportunidad,Max,250.0,-9.069493521790339,-9.069493521790339,0.0,19.0,16.0,0,0,7,,,,0,45.65,2026-07,2026-08,2026-09,Sin señales relevantes,0,0,0,0,0,0,Baja prioridad,19,Pro,repuestos,Chile
VSU-0090,Ocre Vinos,Maduro,En línea,Sin señal,Normal,,Sin oportunidad,Max,250.0,-15.384615384615385,-29.603122966818475,14.21850758220309,19.0,16.0,2,0,0,,,,0,42.2875,2026-07,2026-08,2026-09,Sin señales relevantes,0,0,0,0,0,0,Baja prioridad,0,Pro,vinos,Chile
VSU-0092,Pampa Hogar,Maduro,En línea,Sin señal,Normal,,Sin oportunidad,Pro,150.0,-23.043478260869566,-14.708603145235887,-8.334875115633679,8.0,12.0,1,0,0,,,,0,64.16666666666666,2026-07,2026-08,2026-09,Sin señales relevantes,0,0,0,0,0,0,Baja prioridad,0,Starter,decohogar,México
VSU-0102,Raíz Shop,Maduro,En línea,Sin señal,Normal,,Sin oportunidad,Max,250.0,-46.54576856649395,-46.387064173825166,-0.15870439266878122,5.0,8.0,0,0,1,,,,0,50.6625,2026-07,2026-08,2026-09,Sin señales relevantes,0,0,0,0,0,0,Baja prioridad,16,Pro,regalos,Perú
VSU-0106,Sable Perfumes,Maduro,En línea,Sin señal,Normal,,Sin oportunidad,Pro,150.0,29.33333333333332,3.6633231574356717,25.67001017589765,14.0,7.0,0,0,1,,,,0,57.916666666666664,2026-07,2026-08,2026-09,Sin señales relevantes,0,0,0,0,0,0,Baja prioridad,0,Starter,cosmética,Chile
VSU-0107,TIERRA MUEBLES,Maduro,En línea,Sin señal,Normal,,Sin oportunidad,Max,250.0,-12.106768350810293,-14.708603145235887,2.601834794425594,15.0,14.0,1,0,11,,,,0,48.5,2026-07,2026-08,2026-09,Sin señales relevantes,0,0,0,0,0,0,Baja prioridad,0,Pro,decohogar,México
VSU-0116,Vera Cerámica,Maduro,En línea,Sin señal,Normal,,Sin oportunidad,Max,250.0,-1.869158878504673,-14.708603145235887,12.839444266731213,9.0,17.0,1,0,6,,,,0,37.125,2026-07,2026-08,2026-09,Sin señales relevantes,0,0,0,0,0,0,Baja prioridad,0,Pro,decohogar,Chile
VSU-0119,Verde Baby,Maduro,En línea,Sin señal,Normal,,Sin oportunidad,Pro,150.0,-45.674740484429066,-41.748768472906406,-3.92597201152266,5.0,13.0,0,0,2,,,,1,84.75,2026-07,2026-08,2026-09,Sin señales relevantes,0,0,0,0,0,0,Baja prioridad,0,Starter,juguetes,México
VSU-0121,Verde Libros,Maduro,En línea,Sin señal,Normal,,Sin oportunidad,Max,250.0,-43.979721166032945,-46.387064173825166,2.407343007792221,19.0,17.0,1,0,7,,,,0,38.3125,2026-07,2026-08,2026-09,Sin señales relevantes,0,0,0,0,0,0,Baja prioridad,0,Pro,regalos,México
VSU-0127,Wild del Sur,Maduro,En línea,Sin señal,Normal,,Sin oportunidad,Pro,150.0,-24.32432432432432,-9.069493521790339,-15.25483080253398,3.0,3.0,0,0,1,,,,0,60.91666666666667,2026-07,2026-08,2026-09,Sin señales relevantes,0,0,0,0,0,0,Baja prioridad,0,Starter,repuestos,Chile
VSU-0128,Xilo Accesorios,Nuevo,,,Normal,Activación normal,Sin oportunidad,Pro,150.0,,,,,,0,0,1,95.26627218934911,2.2836879432624113,4.0,0,70.0,2026-07,2026-08,2026-09,Sin señales relevantes,0,0,0,0,0,0,Baja prioridad,0,Starter,moda,México
VSU-0131,Yaku Bike,Maduro,En línea,Sin señal,Normal,,Sin oportunidad,Max,250.0,-0.16542597187758634,6.793703396851702,-6.959129368729289,18.0,14.0,0,0,7,,,,0,61.8875,2026-07,2026-08,2026-09,Sin señales relevantes,0,0,0,0,0,0,Baja prioridad,14,Pro,deportes,México
VSU-0132,Yaku Nutrición,Maduro,En línea,Sin señal,Normal,,No aplica,,,16.101910828025478,3.7726358148893357,12.329275013136142,19.0,16.0,1,0,32,,,,3,109.75625,2026-07,2026-08,2026-09,Sin señales relevantes,0,0,0,0,0,0,Baja prioridad,0,Max,nutrición,Chile
VSU-0139,Índigo Bike,Maduro,En línea,Sin señal,Normal,,Sin oportunidad,Max,250.0,14.556962025316466,6.793703396851702,7.763258628464763,7.0,21.0,2,0,10,,,,0,42.2,2026-07,2026-08,2026-09,Sin señales relevantes,0,0,0,0,0,0,Baja prioridad,0,Pro,deportes,Chile
