cliente_id,cliente,mes,plan,mrr_usd,conversaciones,resueltas_por_agente,derivadas_a_humano,derivadas_sin_respuesta,seg_respuesta_agente,carritos_recuperados,ventas_atribuidas_usd,sesiones_panel,dias_activos_panel,usuarios_activos_panel,usuarios_cuenta,cambios_configuracion,horas_respuesta_equipo,tickets_soporte,tickets_reabiertos,errores_integracion,dias_agente_inactivo,productos_sincronizados,mensajes_no_entregados,canales_activos,dias_pago_atrasado
VSU-0001,Andes Mascotas,2026-05,Starter,149,276,247,29,1,3,13,503.66,8,3,2,3,0,4.6,0,0,0,1,948,0,"WhatsApp, Instagram",11
VSU-0001,Andes Mascotas,2026-06,Starter,149,236,215,21,0,3,13,511.76,11,5,3,3,0,1.2,0,0,0,1,932,3,"WhatsApp, Instagram",0
VSU-0001,Andes Mascotas,2026-07,Starter,149,215,173,42,0,3,11,615.13,7,4,2,3,1,3.4,2,0,0,0,932,0,"WhatsApp, Instagram",0
VSU-0001,Andes Mascotas,2026-08,Starter,149,226,180,46,1,4,4,333.49,17,9,3,3,2,1.8,5,0,0,1,968,3,"WhatsApp, Instagram",0
VSU-0001,Andes Mascotas,2026-09,Starter,149,149,128,21,2,6,9,624.48,2,1,1,3,4,2.2,1,0,0,0,935,1,"WhatsApp, Instagram",0
VSU-0002,Andes Montaña,2026-05,Starter,149,328,272,56,4,2,13,1095.72,7,3,1,2,1,4.9,0,0,1,1,2137,3,"WhatsApp, Instagram",0
VSU-0002,Andes Montaña,2026-06,Starter,149,258,211,47,4,7,6,207.57,4,2,1,2,2,1.8,0,0,1,0,2149,3,"WhatsApp, Instagram",0
VSU-0002,Andes Montaña,2026-07,Starter,149,172,150,22,2,6,6,481.81,8,5,2,2,1,1.6,5,0,9,1,2148,0,"WhatsApp, Instagram",0
VSU-0002,Andes Montaña,2026-08,Starter,149,142,118,24,2,4,12,960.86,6,4,2,2,4,2.8,2,0,0,0,2168,0,"WhatsApp, Instagram",0
VSU-0002,Andes Montaña,2026-09,Starter,149,62,53,9,1,2,5,327.93,0,0,0,2,0,2.9,1,0,0,0,2193,0,"WhatsApp, Instagram",0
VSU-0003,Andes Vinos,2026-08,Starter,149,211,163,48,2,3,15,336.66,20,9,3,3,0,1.3,0,0,0,0,1712,1,WhatsApp,0
VSU-0003,Andes Vinos,2026-09,Starter,149,168,140,28,1,5,4,361.86,7,6,1,3,1,5.0,5,0,9,0,1671,1,WhatsApp,0
VSU-0004,Aura Bebés,2026-05,Starter,149,230,195,35,1,4,11,482.29,17,8,3,3,0,1.7,1,1,1,0,1333,1,"WhatsApp, Instagram",0
VSU-0004,Aura Bebés,2026-06,Starter,149,224,198,26,0,3,8,384.55,5,2,1,3,0,5.1,0,0,0,0,1332,0,"WhatsApp, Instagram",0
VSU-0004,Aura Bebés,2026-07,Starter,149,236,201,35,1,6,15,654.59,8,5,2,3,0,1.1,1,0,0,0,1348,0,"WhatsApp, Instagram",0
VSU-0004,Aura Bebés,2026-08,Starter,149,129,110,19,0,5,2,160.42,17,14,3,3,0,4.6,0,0,0,0,1348,0,"WhatsApp, Instagram",0
VSU-0004,Aura Bebés,2026-09,Starter,149,121,98,23,2,5,5,413.17,2,1,1,3,2,1.1,1,0,1,0,1321,2,"WhatsApp, Instagram",0
VSU-0005,Aura Lauret,2026-08,Pro,299,64,49,15,0,7,2,69.62,0,0,0,1,0,1.2,1,0,0,1,371,0,WhatsApp,0
VSU-0005,Aura Lauret,2026-09,Pro,299,54,48,6,0,4,1,38.76,0,0,0,1,0,6.0,0,0,0,0,374,0,WhatsApp,0
VSU-0006,Aura Muebles,2026-05,Starter,149,232,188,44,0,3,10,671.4,12,9,2,2,0,1.1,0,0,0,0,895,2,"WhatsApp, Instagram",0
VSU-0006,Aura Muebles,2026-06,Starter,149,203,185,18,0,3,5,233.19,4,2,1,2,1,3.7,1,1,0,0,898,0,"WhatsApp, Instagram",0
VSU-0006,Aura Muebles,2026-07,Starter,149,176,139,37,0,3,11,360.17,0,0,0,2,0,5.6,1,1,0,1,907,2,"WhatsApp, Instagram",0
VSU-0006,Aura Muebles,2026-08,Starter,149,83,70,13,0,3,5,209.43,0,0,0,2,0,3.0,0,0,2,0,923,1,"WhatsApp, Instagram",41
VSU-0006,Aura Muebles,2026-09,Starter,149,11,10,1,0,4,0,0.0,0,0,0,2,0,3.3,1,0,1,0,924,0,"WhatsApp, Instagram",24
VSU-0007,Aura Solar,2026-05,Starter,149,312,260,52,1,4,21,1303.58,7,5,1,2,1,2.5,2,0,0,0,1427,3,"WhatsApp, Instagram",0
VSU-0007,Aura Solar,2026-06,Starter,149,260,231,29,0,6,19,610.55,7,4,2,2,0,3.9,2,1,4,0,1405,2,"WhatsApp, Instagram",0
VSU-0007,Aura Solar,2026-07,Starter,149,188,171,17,1,2,13,401.1,6,3,1,2,0,1.4,1,1,0,0,1402,2,"WhatsApp, Instagram",0
VSU-0007,Aura Solar,2026-08,Starter,149,140,123,17,0,3,9,470.13,0,0,0,2,0,4.8,0,0,0,0,1418,2,"WhatsApp, Instagram",0
VSU-0007,Aura Solar,2026-09,Starter,149,71,59,12,0,7,1,75.52,0,0,0,2,0,1.1,5,0,0,0,1428,0,"WhatsApp, Instagram",0
VSU-0008,Bloom Orgánica,2026-05,Starter,149,452,401,51,3,3,11,251.25,4,2,1,3,1,0.9,0,0,4,0,2284,0,"WhatsApp, Instagram",0
VSU-0008,Bloom Orgánica,2026-06,Starter,149,437,397,40,3,2,17,609.22,16,13,3,3,0,4.0,1,0,2,0,2300,2,"WhatsApp, Instagram",0
VSU-0008,Bloom Orgánica,2026-07,Starter,149,573,470,103,2,3,37,1388.93,4,2,1,3,0,5.2,0,0,0,0,2317,1,"WhatsApp, Instagram",0
VSU-0008,Bloom Orgánica,2026-08,Starter,149,654,591,63,5,7,47,1441.15,11,6,3,3,1,4.8,0,0,1,0,2251,5,"WhatsApp, Instagram",0
VSU-0008,Bloom Orgánica,2026-09,Starter,149,466,399,67,2,7,14,1148.85,10,5,2,3,2,3.0,2,0,1,0,2278,2,"WhatsApp, Instagram",0
VSU-0009,Bloom Surf,2026-08,Max,549,4258,3698,560,65,3,271,12182.44,16,9,3,3,2,2.1,2,0,0,0,895,55,WhatsApp,0
VSU-0009,Bloom Surf,2026-09,Max,549,2576,2152,424,43,3,57,4222.92,4,2,1,3,1,3.2,2,0,0,0,872,27,WhatsApp,0
VSU-0010,Bloom Vital,2026-05,Pro,299,1243,1145,98,10,5,47,2003.65,15,8,4,8,1,4.0,2,0,1,0,830,2,"WhatsApp, Instagram",0
VSU-0010,Bloom Vital,2026-06,Pro,299,1314,1176,138,5,3,107,5176.48,17,10,4,8,1,5.2,0,0,0,0,845,6,"WhatsApp, Instagram",0
VSU-0010,Bloom Vital,2026-07,Pro,299,1228,1046,182,0,3,67,2192.86,14,7,4,8,2,5.7,0,0,1,0,818,2,"WhatsApp, Instagram",0
VSU-0010,Bloom Vital,2026-08,Pro,299,1257,998,259,8,3,40,2577.34,10,6,2,8,1,1.8,1,0,0,0,830,1,"WhatsApp, Instagram",0
VSU-0010,Bloom Vital,2026-09,Pro,299,833,637,196,2,3,64,3526.16,2,2,1,8,2,3.2,0,0,2,0,833,3,"WhatsApp, Instagram",0
VSU-0011,Bravo Skincare,2026-05,Pro,299,951,803,148,1,6,40,3006.44,5,3,1,2,1,0.8,7,6,2,0,1311,13,WhatsApp,0
VSU-0011,Bravo Skincare,2026-06,Pro,299,868,739,129,4,2,52,3906.84,4,3,1,2,2,2.8,6,6,0,0,1309,12,WhatsApp,0
VSU-0011,Bravo Skincare,2026-07,Pro,299,1033,959,74,6,2,40,1063.8,6,3,2,2,0,1.2,5,6,9,0,1283,16,WhatsApp,0
VSU-0011,Bravo Skincare,2026-08,Pro,299,987,806,181,1,2,89,4178.3,5,2,2,2,0,2.2,5,4,1,0,1320,16,WhatsApp,0
VSU-0011,Bravo Skincare,2026-09,Pro,299,693,560,133,5,5,31,2144.48,9,6,2,2,4,3.8,4,5,9,0,1287,7,WhatsApp,0
VSU-0012,Cobre Relojes,2026-08,Starter,149,315,279,36,2,5,17,372.18,16,12,3,5,4,3.1,0,0,0,0,1500,5,"WhatsApp, Instagram",0
VSU-0012,Cobre Relojes,2026-09,Starter,149,232,212,20,2,6,9,200.36,15,8,4,5,1,2.6,0,0,0,0,1525,3,"WhatsApp, Instagram",0
VSU-0013,Delta Labs,2026-05,Starter,149,278,234,44,1,3,10,367.76,6,3,1,1,4,1.8,0,0,0,1,1620,2,"WhatsApp, Instagram",0
VSU-0013,Delta Labs,2026-06,Starter,149,263,220,43,3,5,14,1431.76,7,5,1,1,4,4.7,0,0,0,0,1615,1,"WhatsApp, Instagram",0
VSU-0013,Delta Labs,2026-07,Starter,149,282,254,28,1,3,9,334.38,7,3,1,1,0,1.8,1,0,0,0,1572,1,"WhatsApp, Instagram",0
VSU-0013,Delta Labs,2026-08,Starter,149,262,218,44,0,3,11,269.03,5,3,,1,4,4.7,0,0,9,0,1583,1,"WhatsApp, Instagram",0
VSU-0013,Delta Labs,2026-09,Starter,149,164,146,18,1,7,5,352.86,11,10,1,1,0,1.8,0,0,0,0,1608,2,"WhatsApp, Instagram",0
VSU-0014,Delta Market,2026-05,Starter,149,399,367,32,1,4,26,886.63,5,4,1,3,1,3.3,1,1,0,0,1152,7,WhatsApp,0
VSU-0014,Delta Market,2026-06,Starter,149,317,265,52,0,2,9,464.15,21,10,3,3,0,3.8,1,0,1,0,1186,4,WhatsApp,0
VSU-0014,Delta Market,2026-07,Starter,149,357,324,33,18,6,29,646.04,16,8,3,3,1,42.7,1,1,0,0,1176,5,WhatsApp,0
VSU-0014,Delta Market,2026-08,Starter,149,349,274,75,42,7,23,502.41,4,3,1,3,1,71.1,1,0,9,0,1162,6,WhatsApp,0
VSU-0014,Delta Market,2026-09,Starter,149,291,266,25,15,5,17,1216.52,4,2,1,3,0,44.7,1,0,0,0,1157,0,WhatsApp,0
VSU-0015,Delta Montaña,2026-05,Starter,149,260,218,42,1,5,12,895.42,6,3,1,2,1,4.7,0,0,1,2,975,3,WhatsApp,0
VSU-0015,Delta Montaña,2026-06,Starter,149,264,221,43,2,5,11,668.19,7,6,1,2,1,2.8,1,0,2,1,960,3,WhatsApp,0
VSU-0015,Delta Montaña,2026-07,Starter,149,259,204,55,46,6,14,897.22,11,9,2,2,0,35.4,2,0,0,1,,0,WhatsApp,0
VSU-0015,Delta Montaña,2026-08,Starter,149,233,193,40,33,6,10,219.8,17,11,2,2,1,48.4,1,0,0,0,981,4,WhatsApp,0
VSU-0015,Delta Montaña,2026-09,Starter,149,204,169,35,22,4,16,330.01,7,4,2,2,0,71.7,1,0,1,0,979,1,WhatsApp,0
VSU-0016,Delta Muebles,2026-05,Starter,149,181,162,19,0,6,4,297.69,4,2,1,3,0,4.0,0,0,2,1,2028,0,"WhatsApp, Instagram",0
VSU-0016,Delta Muebles,2026-06,Starter,149,193,172,21,1,3,5,107.15,12,5,3,3,4,1.7,0,0,0,1,1980,2,"WhatsApp, Instagram",0
VSU-0016,Delta Muebles,2026-07,Starter,149,208,190,18,0,3,11,380.23,16,12,3,3,0,1.4,0,0,1,0,1977,1,"WhatsApp, Instagram",0
VSU-0016,Delta Muebles,2026-08,Starter,149,219,186,33,2,7,14,561.19,12,6,3,3,4,1.2,1,0,2,0,2006,0,"WhatsApp, Instagram",0
VSU-0016,Delta Muebles,2026-09,Starter,149,127,103,24,1,4,6,495.05,4,2,1,3,0,5.1,0,0,0,0,1986,1,"WhatsApp, Instagram",0
VSU-0017,Delta Nutrición,2026-05,Pro,299,981,870,111,9,2,75,4305.01,22,10,2,2,1,2.4,2,0,0,0,239,14,"WhatsApp, Instagram",0
VSU-0017,Delta Nutrición,2026-06,Pro,299,829,675,154,15,6,41,4231.44,15,6,2,2,4,4.0,2,0,0,0,237,11,"WhatsApp, Instagram",0
VSU-0017,Delta Nutrición,2026-07,Pro,299,760,643,117,0,7,43,3540.82,13,10,2,2,1,4.3,0,0,0,0,239,9,"WhatsApp, Instagram",0
VSU-0017,Delta Nutrición,2026-08,Pro,299,806,733,73,8,2,76,2020.9,10,9,2,2,0,1.4,0,0,0,0,,4,"WhatsApp, Instagram",0
VSU-0017,Delta Nutrición,2026-09,Pro,299,674,620,54,0,2,46,1674.46,8,4,2,2,2,2.5,1,0,9,0,243,12,"WhatsApp, Instagram",0
VSU-0018,Dunas Andino,2026-05,Pro,299,1127,1001,126,0,7,85,1559.22,16,13,5,8,1,5.1,0,0,2,0,399,9,WhatsApp,0
VSU-0018,Dunas Andino,2026-06,Pro,299,1303,1012,291,33,4,62,3632.75,20,12,3,8,2,3.9,0,0,2,0,403,18,WhatsApp,0
VSU-0018,Dunas Andino,2026-07,Pro,299,1333,1188,145,16,3,50,2701.24,17,11,5,8,1,1.6,0,0,2,0,401,23,WhatsApp,0
VSU-0018,Dunas Andino,2026-08,Pro,299,1398,1188,210,13,26,86,1519.63,7,4,1,8,1,5.8,0,0,40,12,402,127,WhatsApp,0
VSU-0018,Dunas Andino,2026-09,Pro,299,779,628,151,14,20,33,1730.13,10,8,2,8,0,1.2,1,0,51,10,400,330,WhatsApp,0
VSU-0019,Dunas Arte,2026-05,Max,549,3009,2517,492,47,5,144,13303.23,18,16,4,5,0,0.7,5,0,0,0,2296,39,"WhatsApp, Instagram",0
VSU-0019,Dunas Arte,2026-06,Max,549,2930,2623,307,32,2,114,7910.56,15,10,4,5,1,3.8,0,0,1,0,2319,8,"WhatsApp, Instagram",0
VSU-0019,Dunas Arte,2026-07,Max,549,2814,2448,366,32,2,245,16106.72,11,5,2,5,1,3.3,1,0,1,0,2320,30,"WhatsApp, Instagram",0
VSU-0019,Dunas Arte,2026-08,Max,549,3520,2873,647,72,6,206,15954.13,22,19,5,5,0,2.4,0,0,4,0,2321,5,"WhatsApp, Instagram",0
VSU-0019,Dunas Arte,2026-09,Max,549,1796,1423,373,8,6,49,3344.57,3,2,1,5,1,4.5,0,0,9,0,2307,3,"WhatsApp, Instagram",0
VSU-0020,Dunas Hogar,2026-05,Pro,299,1509,1338,171,3,6,51,2832.93,14,12,3,8,2,1.3,1,1,2,0,135,24,WhatsApp,0
VSU-0020,Dunas Hogar,2026-06,Pro,299,1470,1247,223,20,2,79,5558.09,20,9,6,8,0,2.5,1,0,9,0,136,20,WhatsApp,0
VSU-0020,Dunas Hogar,2026-07,Pro,299,1539,1347,192,18,7,89,9306.98,19,14,3,8,2,0.6,2,0,1,0,134,27,WhatsApp,0
VSU-0020,Dunas Hogar,2026-08,Pro,299,1468,1148,320,10,3,101,5510.62,19,14,4,8,0,4.6,0,0,2,0,136,9,WhatsApp,0
VSU-0020,Dunas Hogar,2026-09,Pro,299,1090,988,102,6,7,99,1817.11,2,1,1,8,2,2.4,2,0,2,0,,8,WhatsApp,0
VSU-0021,Dunas Juguetes,2026-05,Pro,299,764,595,169,4,3,37,1366.46,19,8,2,2,4,0.9,0,0,1,0,2331,4,"WhatsApp, Instagram",0
VSU-0021,Dunas Juguetes,2026-06,Pro,299,799,625,174,18,7,27,827.34,17,11,2,2,2,4.0,0,0,0,0,2297,16,"WhatsApp, Instagram",0
VSU-0021,Dunas Juguetes,2026-07,Pro,299,812,718,94,8,7,63,6212.25,19,11,2,2,4,2.6,2,0,1,0,2322,8,"WhatsApp, Instagram",0
VSU-0021,Dunas Juguetes,2026-08,Pro,299,473,420,53,2,5,37,1982.82,10,6,2,2,0,4.0,0,0,2,1,2295,7,"WhatsApp, Instagram",0
VSU-0021,Dunas Juguetes,2026-09,Pro,299,454,421,33,1,6,24,828.22,13,6,2,2,1,4.1,0,0,1,0,2276,6,"WhatsApp, Instagram",0
VSU-0022,Dunas Muebles,2026-05,Pro,299,1280,1175,105,10,7,78,4747.6,10,4,2,2,1,0.9,1,0,0,0,1130,11,"WhatsApp, Instagram",0
VSU-0022,Dunas Muebles,2026-06,Pro,299,1306,1133,173,1,3,32,2312.03,5,2,1,2,0,5.2,0,0,1,0,1153,14,"WhatsApp, Instagram",0
VSU-0022,Dunas Muebles,2026-07,Pro,299,1250,1139,111,8,3,94,2589.04,4,3,1,2,1,2.1,2,0,0,1,1134,16,"WhatsApp, Instagram",0
VSU-0022,Dunas Muebles,2026-08,Pro,299,1397,1077,320,1,6,117,8244.41,5,2,2,2,0,1.7,0,0,0,0,1111,6,"WhatsApp, Instagram",0
VSU-0022,Dunas Muebles,2026-09,Pro,299,972,784,188,3,2,60,5656.7,13,9,2,2,2,4.8,5,0,1,0,1146,8,"WhatsApp, Instagram",0
VSU-0024,Elqui Deportes,2026-05,Pro,299,1041,920,121,10,6,35,2985.34,10,4,2,3,1,3.2,1,0,4,0,1696,10,WhatsApp,7
VSU-0024,Elqui Deportes,2026-06,Pro,299,955,857,98,9,5,21,566.65,18,10,3,3,0,4.5,0,0,0,0,1735,1,WhatsApp,0
VSU-0024,Elqui Deportes,2026-07,Pro,299,1136,1018,118,3,4,37,1059.86,19,13,3,3,0,3.5,0,0,0,0,1690,11,WhatsApp,0
VSU-0024,Elqui Deportes,2026-08,Pro,299,1145,898,247,18,3,71,2725.52,11,9,3,3,2,1.1,1,0,1,0,1745,14,WhatsApp,0
VSU-0024,Elqui Deportes,2026-09,Pro,299,718,646,72,1,7,53,3316.88,11,5,3,3,2,4.9,5,1,2,0,1732,13,WhatsApp,0
VSU-0025,Elqui Labs,2026-05,Starter,149,535,432,103,11,5,44,4569.93,20,13,3,5,1,4.8,0,0,0,0,762,2,"WhatsApp, Instagram",0
VSU-0025,Elqui Labs,2026-06,Starter,149,556,492,64,4,3,18,1565.83,14,7,2,5,1,5.7,0,0,2,0,752,4,"WhatsApp, Instagram",0
VSU-0025,Elqui Labs,2026-07,Starter,149,550,496,54,5,6,39,1828.45,9,6,2,5,0,5.4,0,0,9,0,746,3,"WhatsApp, Instagram",0
VSU-0025,Elqui Labs,2026-08,Starter,149,692,597,95,3,6,45,2588.14,16,13,3,5,0,2.0,1,0,0,0,748,10,"WhatsApp, Instagram",0
VSU-0025,Elqui Labs,2026-09,Starter,149,568,510,58,4,3,32,3163.9,13,10,2,5,2,0.8,0,0,0,0,760,6,"WhatsApp, Instagram",0
VSU-0026,Elqui Norte,2026-05,Starter,149,225,196,29,1,4,18,705.91,16,8,4,5,1,3.9,0,0,4,0,773,2,"WhatsApp, Instagram",0
VSU-0026,Elqui Norte,2026-06,Starter,149,216,185,31,2,4,20,1432.62,6,4,1,5,2,1.9,1,0,2,0,792,3,"WhatsApp, Instagram",0
VSU-0026,Elqui Norte,2026-07,Starter,149,194,170,24,19,7,7,516.14,16,10,3,5,2,42.1,2,0,0,1,770,2,"WhatsApp, Instagram",0
VSU-0026,Elqui Norte,2026-08,Starter,149,199,155,44,34,7,17,1371.11,11,6,2,5,1,63.8,0,0,1,1,774,0,"WhatsApp, Instagram",0
VSU-0026,Elqui Norte,2026-09,Starter,149,131,111,20,12,5,4,164.81,4,2,1,5,0,28.7,0,0,0,0,,1,"WhatsApp, Instagram",0
VSU-0027,Elqui Textil,2026-05,Max,549,6303,5739,564,9,3,211,5841.28,15,6,3,3,4,3.0,0,0,1,0,1774,55,WhatsApp,0
VSU-0027,Elqui Textil,2026-06,Max,549,6439,5908,531,0,3,261,7465.77,4,2,1,3,1,5.2,0,0,1,0,1774,32,WhatsApp,0
VSU-0027,Elqui Textil,2026-07,Max,549,7018,5772,1246,16,3,612,43420.24,6,3,1,3,1,3.6,1,1,0,0,,31,WhatsApp,0
VSU-0027,Elqui Textil,2026-08,Max,549,8241,6380,1861,75,3,229,5586.01,18,9,3,3,1,3.6,2,0,0,0,1750,131,WhatsApp,0
VSU-0027,Elqui Textil,2026-09,Max,549,5614,4774,840,50,6,382,6702.06,7,3,2,3,2,2.6,1,0,1,0,1736,87,WhatsApp,0
VSU-0028,Ergo Deportes,2026-05,Starter,149,358,306,52,0,6,8,309.91,20,13,4,5,4,0.7,0,0,1,0,480,4,WhatsApp,0
VSU-0028,Ergo Deportes,2026-06,Starter,149,344,290,54,1,4,23,1425.35,7,4,2,5,1,5.3,0,0,9,0,475,1,WhatsApp,0
VSU-0028,Ergo Deportes,2026-07,Starter,149,417,381,36,3,7,33,634.69,6,3,1,5,1,2.9,0,0,2,0,474,7,WhatsApp,0
VSU-0028,Ergo Deportes,2026-08,Starter,149,384,298,86,3,2,30,1088.58,4,2,1,5,0,4.7,0,0,2,1,478,6,WhatsApp,0
VSU-0028,Ergo Deportes,2026-09,Starter,149,276,217,59,3,7,12,923.38,4,2,1,5,2,1.2,0,0,4,0,479,3,WhatsApp,0
VSU-0029,Ergo Vital,2026-08,Pro,299,1109,928,181,21,5,94,5964.41,9,4,2,5,1,5.3,2,0,2,0,2183,6,"WhatsApp, Instagram",0
VSU-0029,Ergo Vital,2026-09,Pro,299,620,559,61,0,3,43,1410.84,3,2,1,5,1,5.2,0,0,0,2,2207,4,"WhatsApp, Instagram",7
VSU-0030,Fauna Arte,2026-05,Starter,149,227,191,36,3,3,5,385.99,18,10,2,2,1,2.8,2,0,0,0,1255,1,WhatsApp,0
VSU-0030,Fauna Arte,2026-06,Starter,149,250,207,43,4,7,7,480.75,6,3,1,2,4,4.0,5,0,0,0,1220,3,WhatsApp,0
VSU-0030,Fauna Arte,2026-07,Starter,149,254,206,48,1,5,10,275.64,14,7,2,2,0,3.8,5,0,4,0,1212,0,WhatsApp,0
VSU-0030,Fauna Arte,2026-08,Starter,149,242,199,43,5,39,17,1176.49,10,7,2,2,0,4.7,0,0,30,11,1232,170,WhatsApp,0
VSU-0030,Fauna Arte,2026-09,Starter,149,168,139,29,0,46,9,292.54,11,9,2,2,1,1.8,1,0,38,6,1249,379,WhatsApp,0
VSU-0031,Fauna Bebés,2026-05,Max,549,3937,3367,570,65,7,217,13879.56,11,7,2,3,0,4.0,1,0,0,1,1882,21,WhatsApp,0
VSU-0031,Fauna Bebés,2026-06,Max,549,3618,2971,647,54,4,220,15237.51,6,4,1,3,0,2.6,0,0,0,0,1895,74,WhatsApp,0
VSU-0031,Fauna Bebés,2026-07,Max,549,3493,2982,511,47,3,287,7248.98,0,0,0,3,0,5.1,0,0,1,0,1937,54,WhatsApp,0
VSU-0031,Fauna Bebés,2026-08,Max,549,777,710,67,1,2,22,1188.68,0,0,0,3,0,1.5,2,1,4,0,1875,3,WhatsApp,22
VSU-0031,Fauna Bebés,2026-09,Max,549,161,129,32,1,3,5,173.96,0,0,0,3,0,3.2,2,0,0,1,1903,1,WhatsApp,41
VSU-0032,Fauna Hogar,2026-05,Max,549,4829,3973,856,63,3,243,18820.3,11,5,2,2,0,5.5,0,0,0,0,1799,60,"WhatsApp, Instagram",0
VSU-0032,Fauna Hogar,2026-06,Max,549,5720,5161,559,33,2,259,20798.91,9,4,2,2,1,3.4,1,0,0,0,1828,64,"WhatsApp, Instagram",0
VSU-0032,Fauna Hogar,2026-07,Max,549,6075,4730,1345,89,7,153,4577.93,18,15,2,2,0,0.8,1,0,1,0,1785,86,"WhatsApp, Instagram",0
VSU-0032,Fauna Hogar,2026-08,Max,549,7178,6152,1026,56,5,639,25349.71,9,6,2,2,1,3.5,0,0,0,1,1847,142,"WhatsApp, Instagram",0
VSU-0032,Fauna Hogar,2026-09,Max,549,5394,4538,856,74,3,118,8854.65,13,6,2,2,4,5.2,0,0,1,0,1797,5,"WhatsApp, Instagram",0
VSU-0033,Fauna Jardín,2026-05,Pro,299,1454,1193,261,16,3,119,11722.15,13,9,3,5,1,2.4,2,1,2,0,292,26,"WhatsApp, Instagram",0
VSU-0033,Fauna Jardín,2026-06,Pro,299,1150,1035,115,0,5,80,5031.64,7,5,2,5,2,4.6,0,0,0,0,288,9,"WhatsApp, Instagram",0
VSU-0033,Fauna Jardín,2026-07,Pro,299,1287,999,288,4,5,52,3294.38,11,8,3,5,0,5.5,5,0,0,0,298,11,"WhatsApp, Instagram",0
VSU-0033,Fauna Jardín,2026-08,Pro,299,1193,1065,128,7,3,101,8863.38,14,9,4,5,2,4.2,0,0,0,1,293,24,"WhatsApp, Instagram",0
VSU-0033,Fauna Jardín,2026-09,Pro,299,1019,941,78,6,2,34,1805.28,14,10,4,5,1,3.8,1,1,0,0,298,11,"WhatsApp, Instagram",0
VSU-0034,Fauna Joyas,2026-05,Starter,149,414,373,41,2,3,16,1464.97,21,14,4,5,0,3.9,1,0,0,0,1777,1,WhatsApp,0
VSU-0034,Fauna Joyas,2026-06,Starter,149,435,377,58,2,7,25,2073.41,6,4,1,5,1,1.3,0,0,2,0,1744,0,WhatsApp,0
VSU-0034,Fauna Joyas,2026-07,Starter,149,481,408,73,1,5,18,358.37,22,11,5,5,4,1.1,0,0,4,0,1762,0,WhatsApp,0
VSU-0034,Fauna Joyas,2026-08,Starter,149,577,512,65,6,3,18,754.07,6,4,1,5,1,1.4,0,0,1,0,1810,1,WhatsApp,0
VSU-0034,Fauna Joyas,2026-09,Starter,149,443,401,42,1,3,12,832.7,11,7,2,5,1,1.0,0,0,0,0,1772,3,WhatsApp,0
VSU-0035,Fauna Pet,2026-05,Pro,299,831,728,103,11,5,54,5196.99,4,2,1,3,1,5.2,0,0,4,0,214,2,"WhatsApp, Instagram",0
VSU-0035,Fauna Pet,2026-06,Pro,299,766,597,169,15,4,46,4802.42,9,6,2,3,0,5.0,1,0,9,0,216,5,"WhatsApp, Instagram",0
VSU-0035,Fauna Pet,2026-07,Pro,299,792,707,85,8,2,59,1226.15,4,3,1,3,0,2.9,0,0,1,0,217,11,"WhatsApp, Instagram",0
VSU-0035,Fauna Pet,2026-08,Pro,299,749,673,76,1,3,64,2438.08,14,9,2,3,1,4.2,0,0,0,2,220,8,"WhatsApp, Instagram",0
VSU-0035,Fauna Pet,2026-09,Pro,299,464,379,85,2,4,39,4010.54,6,3,1,3,2,1.4,2,0,4,0,213,7,"WhatsApp, Instagram",0
VSU-0036,FIORELLA HERRAMIENTAS,2026-05,Max,549,3714,3160,554,58,4,206,3670.76,22,14,2,2,2,2.5,0,0,4,2,780,10,"WhatsApp, Instagram",0
VSU-0036,FIORELLA HERRAMIENTAS,2026-06,Max,549,3499,2791,708,82,2,92,2078.61,9,6,2,2,0,0.9,1,0,0,0,754,14,"WhatsApp, Instagram",0
VSU-0036,FIORELLA HERRAMIENTAS,2026-07,Max,549,3270,2487,783,21,7,201,19640.59,22,12,2,2,1,1.7,5,0,0,0,762,53,"WhatsApp, Instagram",0
VSU-0036,FIORELLA HERRAMIENTAS,2026-08,Max,549,3789,3249,540,16,3,204,11303.96,16,12,2,2,1,1.3,0,0,0,0,780,47,"WhatsApp, Instagram",12
VSU-0036,FIORELLA HERRAMIENTAS,2026-09,Max,549,2294,1847,447,52,4,62,1634.24,9,5,2,2,4,1.8,1,0,0,1,780,8,"WhatsApp, Instagram",0
VSU-0037,Fiorella Labs,2026-05,Pro,299,2927,2534,393,22,4,117,3948.12,9,6,1,1,0,4.4,5,0,1,0,2216,24,"WhatsApp, Instagram",0
VSU-0037,Fiorella Labs,2026-06,Pro,299,2804,2446,358,25,2,220,18011.58,10,8,1,1,1,5.4,1,0,0,0,2232,25,"WhatsApp, Instagram",0
VSU-0037,Fiorella Labs,2026-07,Max,549,2761,2216,545,41,7,92,2077.77,18,11,1,1,0,1.4,0,0,2,0,2251,6,"WhatsApp, Instagram",0
VSU-0037,Fiorella Labs,2026-08,Max,549,3005,2607,398,28,7,110,7144.28,13,7,1,1,0,1.7,1,0,0,0,2216,29,"WhatsApp, Instagram",0
VSU-0037,Fiorella Labs,2026-09,Max,549,1698,1488,210,9,7,68,3836.27,9,4,1,1,1,4.7,1,0,1,0,2245,8,"WhatsApp, Instagram",0
VSU-0038,Fiorella Montaña,2026-08,Pro,299,1757,1444,313,13,2,62,2462.3,18,12,1,1,0,0.8,0,0,1,0,610,1,"WhatsApp, Instagram",13
VSU-0038,Fiorella Montaña,2026-09,Pro,299,984,892,92,7,3,79,2221.64,9,6,1,1,1,3.9,0,0,0,0,610,18,"WhatsApp, Instagram",0
VSU-0039,Fiorella Orgánica,2026-05,Starter,149,224,191,33,0,4,20,962.91,19,11,3,3,1,3.8,1,0,0,1,2164,0,"WhatsApp, Instagram",0
VSU-0039,Fiorella Orgánica,2026-06,Starter,149,212,187,25,0,2,16,1585.64,9,7,2,3,0,2.6,1,0,2,0,,2,"WhatsApp, Instagram",0
VSU-0039,Fiorella Orgánica,2026-07,Starter,149,227,185,42,4,7,5,404.95,21,12,3,3,0,2.6,0,0,1,0,2208,1,"WhatsApp, Instagram",0
VSU-0039,Fiorella Orgánica,2026-08,Starter,149,228,207,21,1,38,16,998.47,21,16,3,3,1,3.5,0,0,67,8,2166,306,"WhatsApp, Instagram",0
VSU-0039,Fiorella Orgánica,2026-09,Starter,149,163,138,25,0,30,10,267.08,6,3,1,3,0,5.0,0,0,57,8,2225,173,"WhatsApp, Instagram",0
VSU-0040,Fiorella Store,2026-05,Pro,299,1395,1105,290,32,4,46,3985.47,8,5,2,2,0,1.7,0,0,0,1,458,12,"WhatsApp, Instagram",0
VSU-0040,Fiorella Store,2026-06,Pro,299,1398,1234,164,4,4,89,4316.41,16,12,2,2,1,5.7,0,0,1,0,449,17,"WhatsApp, Instagram",0
VSU-0040,Fiorella Store,2026-07,Pro,299,1267,1029,238,12,6,81,2678.69,9,6,2,2,2,4.2,2,0,4,0,448,2,"WhatsApp, Instagram",0
VSU-0040,Fiorella Store,2026-08,Pro,299,885,757,128,11,4,75,2085.8,18,16,2,2,1,2.2,0,0,1,0,455,10,"WhatsApp, Instagram",0
VSU-0040,Fiorella Store,2026-09,Pro,299,836,719,117,11,2,40,1330.0,8,5,2,2,0,4.5,0,0,0,0,448,0,"WhatsApp, Instagram",0
VSU-0041,Fiorella Vinos,2026-05,Starter,149,354,286,68,3,3,25,693.74,8,3,2,5,0,0.5,2,0,0,0,944,1,"WhatsApp, Instagram",0
VSU-0041,Fiorella Vinos,2026-06,Starter,149,249,224,25,0,5,18,962.08,7,5,2,5,2,5.6,1,0,0,0,932,1,"WhatsApp, Instagram",0
VSU-0041,Fiorella Vinos,2026-07,Starter,149,238,193,45,2,4,13,261.93,2,1,1,5,0,3.9,2,0,0,0,927,0,"WhatsApp, Instagram",0
VSU-0041,Fiorella Vinos,2026-08,Starter,149,161,148,13,0,5,9,851.3,5,3,1,5,0,5.0,0,0,1,0,927,0,"WhatsApp, Instagram",0
VSU-0041,Fiorella Vinos,2026-09,Starter,149,78,66,12,0,6,5,150.68,0,0,0,5,0,0.6,0,0,0,0,940,0,"WhatsApp, Instagram",0
VSU-0042,Golden Accesorios,2026-05,Max,549,4554,3861,693,7,2,225,7936.07,15,10,3,5,0,4.1,2,1,0,0,2355,61,WhatsApp,0
VSU-0042,Golden Accesorios,2026-06,Max,549,4371,3526,845,95,4,332,17354.34,21,12,4,5,0,5.1,1,1,2,0,2399,68,WhatsApp,0
VSU-0042,Golden Accesorios,2026-07,Max,549,5295,4870,425,19,3,199,10318.13,13,9,3,5,1,0.6,0,0,2,0,2323,0,WhatsApp,0
VSU-0042,Golden Accesorios,2026-08,Max,549,4856,3993,863,55,7,441,25292.65,22,10,4,5,1,2.0,1,0,0,0,2384,69,WhatsApp,0
VSU-0042,Golden Accesorios,2026-09,Max,549,3653,2856,797,16,3,175,16220.02,12,7,3,5,1,1.1,0,0,2,0,,48,WhatsApp,0
VSU-0043,Golden Perfumes,2026-05,Pro,299,1640,1504,136,6,6,147,8615.4,17,12,2,2,0,5.1,0,0,1,2,315,28,"WhatsApp, Instagram",0
VSU-0043,Golden Perfumes,2026-06,Pro,299,1955,1771,184,14,6,54,2857.66,19,9,2,2,2,2.0,0,0,4,0,318,32,"WhatsApp, Instagram",0
VSU-0043,Golden Perfumes,2026-07,Pro,299,2290,1901,389,32,3,160,5537.07,22,9,2,2,1,5.7,0,0,0,0,311,35,"WhatsApp, Instagram",0
VSU-0043,Golden Perfumes,2026-08,Pro,299,2301,1946,355,40,2,176,12405.34,20,9,2,2,0,2.1,0,0,0,0,311,32,"WhatsApp, Instagram",0
VSU-0043,Golden Perfumes,2026-09,Pro,299,1854,1507,347,12,3,162,7940.34,5,3,1,2,0,5.5,1,0,0,1,318,10,"WhatsApp, Instagram",0
VSU-0044,Granel Arte,2026-05,Pro,299,1100,1001,99,2,3,79,3832.26,18,8,4,5,1,1.6,0,0,4,0,105,19,WhatsApp,0
VSU-0044,Granel Arte,2026-06,Pro,299,1135,977,158,3,2,73,2489.23,13,8,3,5,0,5.3,0,0,2,0,104,12,WhatsApp,0
VSU-0044,Granel Arte,2026-07,Pro,299,1451,1322,129,2,6,115,10800.02,16,8,3,5,2,2.8,0,0,0,0,106,22,WhatsApp,0
VSU-0044,Granel Arte,2026-08,Pro,299,1259,1060,199,15,7,51,1197.22,18,8,3,5,1,6.0,5,0,0,0,104,9,WhatsApp,0
VSU-0044,Granel Arte,2026-09,Pro,299,898,753,145,8,2,66,3971.21,11,7,3,5,4,3.3,2,0,1,0,104,0,WhatsApp,0
VSU-0046,Granel Juguetes,2026-05,Starter,149,269,236,33,0,2,23,1553.09,11,5,3,3,0,4.9,0,0,1,0,1493,3,"WhatsApp, Instagram",0
VSU-0046,Granel Juguetes,2026-06,Starter,149,226,185,41,3,2,17,1427.04,3,2,1,3,1,3.2,0,0,0,0,1521,2,"WhatsApp, Instagram",0
VSU-0046,Granel Juguetes,2026-07,Starter,149,161,140,21,0,2,11,728.76,4,2,1,3,0,1.3,0,0,0,0,1493,1,"WhatsApp, Instagram",0
VSU-0046,Granel Juguetes,2026-08,Starter,149,63,52,11,0,4,1,61.19,2,1,1,3,0,3.3,0,0,4,0,1493,0,"WhatsApp, Instagram",0
VSU-0046,Granel Juguetes,2026-09,Starter,149,47,42,5,0,3,3,180.29,0,0,0,3,0,1.8,0,0,0,0,1484,0,"WhatsApp, Instagram",0
VSU-0047,Granel Skincare,2026-05,Starter,149,432,368,64,1,3,34,2901.18,16,12,3,3,0,3.3,1,0,9,0,1422,4,"WhatsApp, Instagram",0
VSU-0047,Granel Skincare,2026-06,Starter,149,522,472,50,2,6,28,2434.51,13,6,2,3,0,3.7,1,0,0,0,1473,0,"WhatsApp, Instagram",0
VSU-0047,Granel Skincare,2026-07,Starter,149,596,498,98,5,2,39,3197.25,10,7,3,3,1,2.5,0,0,4,0,1443,8,"WhatsApp, Instagram",0
VSU-0047,Granel Skincare,2026-08,Starter,149,530,422,108,6,2,15,943.0,7,4,1,3,1,5.9,0,0,0,0,1463,3,"WhatsApp, Instagram",0
VSU-0047,Granel Skincare,2026-09,Starter,149,453,364,89,2,6,14,275.27,3,2,1,3,2,1.1,0,0,1,0,1439,6,"WhatsApp, Instagram",0
VSU-0048,Harto Juguetes,2026-05,Max,549,4735,3740,995,108,5,123,11008.6,4,3,1,3,1,5.5,0,0,0,0,805,45,"WhatsApp, Instagram",0
VSU-0048,Harto Juguetes,2026-06,Max,549,5937,4652,1285,15,2,228,5943.86,18,9,3,3,2,3.7,1,0,0,0,,116,"WhatsApp, Instagram",0
VSU-0048,Harto Juguetes,2026-07,Max,549,6970,6282,688,14,6,469,29884.08,9,5,2,3,0,2.2,1,0,1,1,803,67,"WhatsApp, Instagram",0
VSU-0048,Harto Juguetes,2026-08,Max,549,4462,3586,876,102,4,255,7707.29,8,4,1,3,1,3.4,5,0,1,0,803,22,"WhatsApp, Instagram",0
VSU-0048,Harto Juguetes,2026-09,Max,549,4276,3786,490,46,2,277,6996.17,13,9,3,3,0,4.8,0,0,1,1,805,50,"WhatsApp, Instagram",0
VSU-0049,Hidra Cerámica,2026-05,Starter,149,283,237,46,1,6,8,456.15,5,4,,5,1,3.9,2,0,2,2,1380,2,WhatsApp,0
VSU-0049,Hidra Cerámica,2026-06,Starter,149,314,264,50,4,3,14,494.29,9,7,2,5,2,4.9,0,0,0,0,1407,3,WhatsApp,0
VSU-0049,Hidra Cerámica,2026-07,Starter,149,322,289,33,3,5,12,990.77,21,10,4,5,0,2.3,1,1,0,0,1403,0,WhatsApp,0
VSU-0049,Hidra Cerámica,2026-08,Starter,149,347,274,73,4,2,15,1224.37,5,3,1,5,1,2.5,1,0,0,1,1385,5,WhatsApp,0
VSU-0049,Hidra Cerámica,2026-09,Starter,149,233,205,28,0,7,21,437.47,2,1,1,5,0,3.4,0,0,2,0,1429,2,WhatsApp,14
VSU-0051,Hidra Montaña,2026-08,Pro,299,38,31,7,0,7,1,62.11,1,1,1,2,2,2.2,0,0,1,0,387,0,WhatsApp,0
VSU-0051,Hidra Montaña,2026-09,Pro,299,23,21,2,0,5,1,30.07,0,0,0,2,0,3.8,0,0,0,0,395,0,WhatsApp,0
VSU-0052,Ilumina Cosmética ,2026-05,Starter,149,246,206,40,4,4,5,196.21,4,2,1,8,0,5.7,0,0,0,0,,4,WhatsApp,0
VSU-0052,Ilumina Cosmética ,2026-06,Starter,149,277,234,43,2,2,21,662.12,12,11,4,8,0,3.8,1,0,0,0,1482,1,WhatsApp,0
VSU-0052,Ilumina Cosmética ,2026-07,Starter,149,265,218,47,4,3,7,177.79,10,8,2,8,1,5.0,0,0,0,0,1435,4,WhatsApp,0
VSU-0052,Ilumina Cosmética ,2026-08,Starter,149,229,180,49,1,5,11,509.39,11,8,3,8,1,1.8,2,0,0,0,1463,0,WhatsApp,0
VSU-0052,Ilumina Cosmética ,2026-09,Starter,149,170,143,27,0,4,11,389.93,11,6,2,8,1,3.0,0,0,1,1,1466,3,WhatsApp,0
VSU-0053,Ilumina Herramientas,2026-08,Pro,299,65,58,7,0,4,1,20.64,1,1,1,3,0,1.6,1,0,4,0,2244,1,"WhatsApp, Instagram",0
VSU-0053,Ilumina Herramientas,2026-09,Pro,299,45,38,7,0,6,1,21.49,0,0,0,3,0,5.1,0,0,1,0,2246,0,"WhatsApp, Instagram",0
VSU-0054,Ilumina Market,2026-05,Max,549,4608,3534,1074,10,2,306,21948.2,22,12,2,2,2,4.6,0,0,0,0,1393,35,"WhatsApp, Instagram",0
VSU-0054,Ilumina Market,2026-06,Max,549,3917,3596,321,11,3,123,7575.85,16,9,2,2,1,1.2,0,0,0,0,1400,58,"WhatsApp, Instagram",0
VSU-0054,Ilumina Market,2026-07,Max,549,4765,3742,1023,71,7,123,7199.73,13,9,,2,0,4.8,0,0,1,0,1403,70,"WhatsApp, Instagram",0
VSU-0054,Ilumina Market,2026-08,Max,549,4057,3474,583,41,5,226,5668.06,17,12,,2,0,4.1,2,0,1,0,1403,39,"WhatsApp, Instagram",0
VSU-0054,Ilumina Market,2026-09,Max,549,3630,3276,354,41,2,153,10606.31,4,2,1,2,1,5.6,1,0,9,0,1411,13,"WhatsApp, Instagram",0
VSU-0055,Ilumina Solar,2026-05,Starter,149,282,257,25,2,6,24,1882.83,6,3,1,1,2,2.8,0,0,9,0,987,4,WhatsApp,0
VSU-0055,Ilumina Solar,2026-06,Starter,149,262,228,34,1,7,10,549.05,6,3,1,1,2,5.8,5,0,0,0,964,4,WhatsApp,0
VSU-0055,Ilumina Solar,2026-07,Starter,149,197,174,23,2,3,7,444.58,3,2,1,1,0,2.3,2,0,0,0,966,2,WhatsApp,0
VSU-0055,Ilumina Solar,2026-08,Starter,149,167,134,33,1,2,15,918.79,3,2,1,1,0,5.4,5,0,0,0,976,1,WhatsApp,0
VSU-0055,Ilumina Solar,2026-09,Starter,149,70,63,7,0,7,4,379.62,2,2,1,1,1,1.7,1,0,0,0,962,0,WhatsApp,0
VSU-0056,Jade Denim,2026-05,Starter,149,363,290,73,0,5,20,1469.47,7,5,1,1,4,3.0,0,0,0,0,1640,1,WhatsApp,0
VSU-0056,Jade Denim,2026-06,Starter,149,379,321,58,5,3,27,2864.5,5,2,1,1,1,1.0,0,0,0,0,1704,2,WhatsApp,0
VSU-0056,Jade Denim,2026-07,Starter,149,348,297,51,5,3,25,595.03,4,2,1,1,0,1.0,1,0,0,0,1690,7,WhatsApp,0
VSU-0056,Jade Denim,2026-08,Starter,149,345,297,48,3,3,18,1302.32,22,13,1,1,1,2.8,0,0,0,0,1671,3,WhatsApp,0
VSU-0056,Jade Denim,2026-09,Starter,149,244,214,30,2,4,11,801.01,8,6,1,1,1,3.9,1,0,0,1,1680,1,WhatsApp,0
VSU-0057,Jade Herramientas,2026-05,Max,549,3061,2504,557,43,2,186,12677.49,11,5,3,8,0,3.3,0,0,0,0,441,52,"WhatsApp, Instagram",0
VSU-0057,Jade Herramientas,2026-06,Max,549,2927,2415,512,37,3,262,7777.02,22,11,7,8,0,5.3,2,0,0,0,430,10,"WhatsApp, Instagram",0
VSU-0057,Jade Herramientas,2026-07,Max,549,3490,2870,620,20,7,254,6593.62,8,5,2,8,1,2.8,0,0,1,0,441,10,"WhatsApp, Instagram",0
VSU-0057,Jade Herramientas,2026-08,Max,549,3254,2950,304,31,6,143,6777.2,10,6,3,8,1,3.6,1,0,0,0,426,31,"WhatsApp, Instagram",0
VSU-0057,Jade Herramientas,2026-09,Max,549,2228,2008,220,18,7,56,5195.16,7,5,2,8,0,3.2,0,0,1,1,430,3,"WhatsApp, Instagram",0
VSU-0059,Juana Baby,2026-05,Pro,299,818,737,81,3,6,41,3291.39,21,11,4,5,0,3.1,0,0,9,0,1571,9,"WhatsApp, Instagram",0
VSU-0059,Juana Baby,2026-06,Pro,299,1052,910,142,1,5,24,2111.7,6,4,1,5,2,0.8,0,0,0,0,1605,19,"WhatsApp, Instagram",0
VSU-0059,Juana Baby,2026-07,Pro,299,838,764,74,1,5,20,1606.08,17,7,5,5,2,1.9,1,1,0,0,1594,7,"WhatsApp, Instagram",0
VSU-0059,Juana Baby,2026-08,Pro,299,504,419,85,4,2,23,2184.96,7,5,1,5,1,3.6,0,0,1,0,1571,3,"WhatsApp, Instagram",0
VSU-0059,Juana Baby,2026-09,Pro,299,473,413,60,2,4,47,1055.19,13,8,3,5,1,5.7,0,0,0,0,1603,0,"WhatsApp, Instagram",0
VSU-0060,Juana Cerámica,2026-08,Pro,299,676,574,102,10,5,43,2168.32,17,9,3,3,0,1.6,2,0,1,0,2368,3,"WhatsApp, Instagram",0
VSU-0060,Juana Cerámica,2026-09,Pro,299,586,504,82,8,6,39,1262.78,14,12,3,3,1,0.7,0,0,4,0,2298,8,"WhatsApp, Instagram",0
VSU-0062,Juana Mascotas,2026-05,Pro,299,2086,1588,498,20,5,113,6595.2,21,11,2,2,2,5.0,0,0,1,0,255,33,"WhatsApp, Instagram",19
VSU-0062,Juana Mascotas,2026-06,Pro,299,2241,1870,371,18,7,90,2295.4,17,8,2,2,0,1.5,1,0,0,0,262,34,"WhatsApp, Instagram",0
VSU-0062,Juana Mascotas,2026-07,Pro,299,2320,2014,306,8,2,110,3835.68,11,7,2,2,2,3.2,0,0,1,0,254,30,"WhatsApp, Instagram",0
VSU-0062,Juana Mascotas,2026-08,Pro,299,2650,2257,393,24,6,198,8210.29,10,4,2,2,0,4.1,0,0,0,0,263,17,"WhatsApp, Instagram",0
VSU-0062,Juana Mascotas,2026-09,Pro,299,1926,1617,309,6,4,134,3419.82,4,2,1,2,1,5.1,2,0,0,0,256,36,"WhatsApp, Instagram",0
VSU-0063,Juana Solar,2026-05,Starter,149,351,291,60,0,5,12,1097.34,14,7,3,3,2,5.2,1,1,0,0,760,1,WhatsApp,0
VSU-0063,Juana Solar,2026-06,Starter,149,356,303,53,4,7,20,1275.54,22,11,3,3,0,0.5,1,0,9,0,787,5,WhatsApp,0
VSU-0063,Juana Solar,2026-07,Starter,149,342,288,54,5,5,21,1018.03,12,8,2,3,1,6.0,1,0,4,0,766,5,WhatsApp,0
VSU-0063,Juana Solar,2026-08,Starter,149,340,310,30,2,6,6,427.51,5,4,1,3,2,5.3,0,0,0,1,784,2,WhatsApp,0
VSU-0063,Juana Solar,2026-09,Starter,149,282,250,32,1,2,8,338.72,3,1,1,3,1,4.6,0,0,1,0,778,1,WhatsApp,18
VSU-0064,Kilta Arte,2026-05,Max,549,3826,3489,337,10,5,138,4193.84,15,7,3,8,1,3.8,0,0,0,0,2184,42,"WhatsApp, Instagram",0
VSU-0064,Kilta Arte,2026-06,Max,549,3288,2733,555,54,6,271,16982.88,20,8,4,8,2,3.3,0,0,4,0,2129,50,"WhatsApp, Instagram",0
VSU-0064,Kilta Arte,2026-07,Max,549,3640,3090,550,25,6,222,17133.29,8,4,2,8,1,5.9,1,0,1,0,2154,12,"WhatsApp, Instagram",0
VSU-0064,Kilta Arte,2026-08,Max,549,3873,3382,491,0,3,176,12440.4,22,19,4,8,4,0.7,0,0,0,0,2192,30,"WhatsApp, Instagram",0
VSU-0064,Kilta Arte,2026-09,Max,549,2349,2034,315,19,3,170,5575.15,11,7,3,8,2,2.5,1,0,4,0,2171,2,"WhatsApp, Instagram",0
VSU-0065,Kilta Baby,2026-05,Starter,149,357,307,50,1,3,21,1397.28,9,7,2,5,0,1.5,1,0,4,0,398,2,"WhatsApp, Instagram",0
VSU-0065,Kilta Baby,2026-06,Starter,149,359,310,49,4,7,12,850.3,7,5,1,5,0,4.5,0,0,1,0,397,0,"WhatsApp, Instagram",0
VSU-0065,Kilta Baby,2026-07,Starter,149,326,289,37,0,5,29,1858.47,16,14,3,5,2,3.3,0,0,0,0,400,0,"WhatsApp, Instagram",0
VSU-0065,Kilta Baby,2026-08,Starter,149,202,177,25,2,2,5,246.24,22,12,5,5,4,3.8,0,0,4,2,404,1,"WhatsApp, Instagram",0
VSU-0065,Kilta Baby,2026-09,Starter,149,220,188,32,3,5,6,232.48,14,10,4,5,0,3.6,0,0,4,0,393,2,"WhatsApp, Instagram",0
VSU-0066,Kilta Hogar,2026-05,Starter,149,435,377,58,0,5,28,1479.2,18,13,2,2,1,2.8,1,0,9,0,2149,4,"WhatsApp, Instagram",0
VSU-0066,Kilta Hogar,2026-06,Starter,149,478,435,43,3,7,40,1212.41,6,3,1,2,2,4.8,0,0,0,0,2230,5,"WhatsApp, Instagram",0
VSU-0066,Kilta Hogar,2026-07,Starter,149,561,435,126,10,2,45,2885.29,19,12,2,2,1,3.0,0,0,0,0,2160,3,"WhatsApp, Instagram",0
VSU-0066,Kilta Hogar,2026-08,Starter,149,538,486,52,0,2,30,1441.93,17,9,2,2,1,1.5,2,0,9,0,2176,1,"WhatsApp, Instagram",0
VSU-0066,Kilta Hogar,2026-09,Starter,149,449,377,72,1,7,22,1684.51,6,3,1,2,1,1.7,0,0,0,0,2189,4,"WhatsApp, Instagram",0
VSU-0067,kilta pet,2026-05,Starter,149,357,305,52,1,5,12,826.71,9,7,2,3,2,0.9,0,0,4,0,1096,3,"WhatsApp, Instagram",0
VSU-0067,kilta pet,2026-06,Starter,149,345,305,40,2,6,25,1778.18,17,15,3,3,0,6.0,2,1,4,0,1086,1,"WhatsApp, Instagram",0
VSU-0067,kilta pet,2026-07,Starter,149,363,313,50,5,3,34,1603.57,21,13,3,3,1,2.1,0,0,1,0,1079,0,"WhatsApp, Instagram",0
VSU-0067,kilta pet,2026-08,Starter,149,299,247,52,0,2,16,1206.85,21,10,3,3,1,0.6,0,0,1,0,1101,1,"WhatsApp, Instagram",0
VSU-0067,kilta pet,2026-09,Starter,149,207,170,37,2,4,13,574.66,8,3,1,3,4,4.8,0,0,0,0,1100,2,"WhatsApp, Instagram",0
VSU-0069,Kuno Café,2026-05,Max,549,2249,1897,352,39,3,116,4829.53,12,6,2,2,1,2.4,0,0,2,0,2434,25,WhatsApp,0
VSU-0069,Kuno Café,2026-06,Max,549,2752,2381,371,30,3,98,7622.1,16,13,2,2,0,5.4,0,0,0,0,2359,5,WhatsApp,10
VSU-0069,Kuno Café,2026-07,Max,549,2854,2467,387,14,3,121,11129.94,6,3,2,2,0,2.1,1,1,0,0,2390,17,WhatsApp,0
VSU-0069,Kuno Café,2026-08,Max,549,2982,2341,641,29,4,126,7987.21,15,7,2,2,2,0.5,0,0,1,0,2399,0,WhatsApp,0
VSU-0069,Kuno Café,2026-09,Max,549,1677,1451,226,10,5,140,9743.48,15,9,2,2,2,4.2,5,1,0,1,2379,33,WhatsApp,0
VSU-0070,Kuno Deco,2026-05,Pro,299,1049,846,203,7,7,23,1422.09,9,6,3,3,1,3.8,5,0,0,0,1945,18,"WhatsApp, Instagram",0
VSU-0070,Kuno Deco,2026-06,Pro,299,1071,970,101,9,5,30,1853.92,14,11,3,3,1,3.3,1,0,1,1,1936,3,"WhatsApp, Instagram",2
VSU-0070,Kuno Deco,2026-07,Pro,299,1131,905,226,15,6,47,2022.15,10,5,2,3,0,4.3,0,0,1,1,1980,0,"WhatsApp, Instagram",0
VSU-0070,Kuno Deco,2026-08,Pro,299,1117,1007,110,4,6,33,1314.94,13,9,3,3,4,4.0,0,0,0,0,1970,2,"WhatsApp, Instagram",0
VSU-0070,Kuno Deco,2026-09,Pro,299,795,680,115,11,5,22,1721.51,12,6,3,3,1,2.2,2,1,0,0,1963,14,"WhatsApp, Instagram",0
VSU-0071,Kuno Deportes,2026-08,Pro,299,127,105,22,2,2,5,521.61,1,1,1,3,0,4.5,5,1,2,0,2125,0,WhatsApp,0
VSU-0071,Kuno Deportes,2026-09,Pro,299,74,63,11,0,6,2,134.93,0,0,0,3,0,5.0,1,1,1,0,2105,0,WhatsApp,0
VSU-0072,Kuno Jardín,2026-05,Max,549,3390,2939,451,39,7,329,21577.43,4,3,1,1,0,5.3,2,0,0,0,2242,58,"WhatsApp, Instagram",0
VSU-0072,Kuno Jardín,2026-06,Max,549,3094,2556,538,6,4,131,3042.33,9,6,1,1,4,2.5,1,0,0,1,2223,28,"WhatsApp, Instagram",0
VSU-0072,Kuno Jardín,2026-07,Max,549,2966,2410,556,20,5,274,15642.84,4,2,1,1,0,5.1,0,0,0,0,2201,13,"WhatsApp, Instagram",0
VSU-0072,Kuno Jardín,2026-08,Max,549,3283,2932,351,12,4,192,6932.58,20,9,1,1,0,5.7,1,1,0,0,2236,36,"WhatsApp, Instagram",0
VSU-0072,Kuno Jardín,2026-09,Max,549,2011,1579,432,4,5,188,15379.63,4,2,1,1,4,5.5,1,0,0,0,2260,24,"WhatsApp, Instagram",0
VSU-0073,Lienzo Pet,2026-05,Pro,299,1661,1417,244,19,5,112,7849.21,21,13,1,1,1,5.0,5,1,0,1,2224,19,"WhatsApp, Instagram",0
VSU-0073,Lienzo Pet,2026-06,Pro,299,2072,1778,294,4,4,124,3141.89,20,11,1,1,4,4.2,0,0,0,1,2211,2,"WhatsApp, Instagram",0
VSU-0073,Lienzo Pet,2026-07,Pro,299,2121,1627,494,51,7,117,7495.36,4,3,1,1,0,2.8,1,0,0,0,2272,21,"WhatsApp, Instagram",0
VSU-0073,Lienzo Pet,2026-08,Pro,299,2196,1775,421,26,6,148,12001.31,14,8,1,1,1,1.3,0,0,0,0,2227,2,"WhatsApp, Instagram",0
VSU-0073,Lienzo Pet,2026-09,Pro,299,1926,1479,447,14,7,41,3182.4,4,2,1,1,1,2.3,0,0,1,0,2280,4,"WhatsApp, Instagram",0
VSU-0074,Lienzo Store,2026-05,Pro,299,797,709,88,7,5,16,997.31,9,6,2,2,1,3.3,0,0,0,0,1116,8,"WhatsApp, Instagram",0
VSU-0074,Lienzo Store,2026-06,Pro,299,834,727,107,8,7,56,3508.81,6,3,1,2,2,3.6,0,0,4,0,1140,5,"WhatsApp, Instagram",0
VSU-0074,Lienzo Store,2026-07,Pro,299,821,640,181,0,6,39,992.04,12,6,2,2,1,2.7,0,0,0,2,1128,14,"WhatsApp, Instagram",0
VSU-0074,Lienzo Store,2026-08,Pro,299,419,365,54,5,5,27,920.02,17,14,2,2,0,1.1,0,0,1,0,1112,2,"WhatsApp, Instagram",0
VSU-0074,Lienzo Store,2026-09,Pro,299,486,412,74,3,4,36,2400.8,9,6,2,2,0,5.6,0,0,1,2,1114,3,"WhatsApp, Instagram",0
VSU-0075,Lumen Labs,2026-05,Starter,149,331,254,77,6,6,9,815.47,7,3,1,2,1,2.9,1,0,0,0,1013,6,"WhatsApp, Instagram",0
VSU-0075,Lumen Labs,2026-06,Starter,149,297,251,46,0,4,11,702.41,7,3,2,2,2,3.3,1,0,2,0,1040,1,"WhatsApp, Instagram",15
VSU-0075,Lumen Labs,2026-07,Starter,149,325,267,58,0,6,24,806.32,21,18,2,2,2,3.1,0,0,0,0,1039,2,"WhatsApp, Instagram",0
VSU-0075,Lumen Labs,2026-08,Starter,149,360,306,54,2,3,10,356.52,21,13,2,2,1,3.1,0,0,1,0,1018,6,"WhatsApp, Instagram",19
VSU-0075,Lumen Labs,2026-09,Starter,149,201,173,28,0,5,16,1079.55,3,1,1,2,2,4.4,0,0,1,0,1046,2,"WhatsApp, Instagram",0
VSU-0076,Maderas Café,2026-05,Pro,299,904,774,130,14,3,87,5092.88,18,10,3,5,2,3.5,5,0,0,1,1578,7,"WhatsApp, Instagram",0
VSU-0076,Maderas Café,2026-06,Pro,299,968,798,170,15,7,71,4222.12,14,11,3,5,0,3.7,0,0,2,0,1625,6,"WhatsApp, Instagram",0
VSU-0076,Maderas Café,2026-07,Pro,299,1028,890,138,6,6,75,7120.36,17,11,,5,1,2.5,1,0,1,1,1603,4,"WhatsApp, Instagram",0
VSU-0076,Maderas Café,2026-08,Pro,299,1055,936,119,4,5,40,1363.69,21,16,5,5,1,1.0,1,0,0,0,1616,13,"WhatsApp, Instagram",0
VSU-0076,Maderas Café,2026-09,Pro,299,829,756,73,4,2,50,3283.1,7,3,1,5,0,3.2,1,0,1,0,1593,6,"WhatsApp, Instagram",0
VSU-0077,Maderas Juguetes,2026-05,Max,549,2590,2263,327,30,3,119,2891.56,11,5,2,2,1,1.5,1,0,2,0,1685,22,"WhatsApp, Instagram",0
VSU-0077,Maderas Juguetes,2026-06,Max,549,2691,2173,518,26,2,78,5926.89,4,4,1,2,4,2.9,2,1,0,0,1698,44,"WhatsApp, Instagram",0
VSU-0077,Maderas Juguetes,2026-07,Max,549,2409,1952,457,38,7,109,3761.32,0,0,0,2,0,4.3,1,1,0,0,1686,18,"WhatsApp, Instagram",0
VSU-0077,Maderas Juguetes,2026-08,Max,549,598,493,105,1,5,18,935.62,0,0,0,2,0,5.3,1,0,4,0,1726,10,"WhatsApp, Instagram",38
VSU-0077,Maderas Juguetes,2026-09,Max,549,107,92,15,0,6,3,206.13,0,0,0,2,0,4.7,1,0,0,1,1708,0,"WhatsApp, Instagram",35
VSU-0078,Maderas Labs,2026-05,Pro,299,719,641,78,7,6,39,1506.76,10,5,2,3,0,2.2,1,0,4,0,2380,11,WhatsApp,0
VSU-0078,Maderas Labs,2026-06,Pro,299,654,571,83,7,4,55,2964.27,7,5,2,3,2,3.6,5,0,0,0,2305,1,WhatsApp,0
VSU-0078,Maderas Labs,2026-07,Pro,299,462,375,87,4,5,43,2026.39,6,3,1,3,1,1.6,5,0,0,0,2330,4,WhatsApp,0
VSU-0078,Maderas Labs,2026-08,Pro,299,331,274,57,6,5,22,1656.78,0,0,0,3,0,2.0,0,0,1,0,2297,1,WhatsApp,0
VSU-0078,Maderas Labs,2026-09,Pro,299,156,135,21,1,3,5,257.32,2,1,1,3,4,4.1,0,0,1,0,2328,0,WhatsApp,0
VSU-0079,Maderas Muebles,2026-05,Pro,299,1522,1375,147,4,6,82,6798.49,11,5,3,8,0,3.9,0,0,4,0,285,8,"WhatsApp, Instagram",19
VSU-0079,Maderas Muebles,2026-06,Pro,299,1831,1573,258,14,4,129,5437.6,14,11,4,8,1,2.5,0,0,9,0,283,27,"WhatsApp, Instagram",0
VSU-0079,Maderas Muebles,2026-07,Pro,299,2267,2074,193,0,4,78,5844.24,10,5,3,8,0,0.9,1,0,4,0,291,37,"WhatsApp, Instagram",0
VSU-0079,Maderas Muebles,2026-08,Pro,299,2020,1748,272,0,7,117,3326.18,21,10,6,8,0,5.6,1,0,1,0,286,1,"WhatsApp, Instagram",0
VSU-0079,Maderas Muebles,2026-09,Pro,299,1565,1242,323,19,6,113,6751.48,4,3,1,8,2,2.3,0,0,0,1,284,33,"WhatsApp, Instagram",0
VSU-0081,Nudo Cosmética,2026-05,Max,549,2457,2040,417,13,4,195,15606.46,22,10,3,3,1,1.5,6,6,4,0,540,1,"WhatsApp, Instagram",0
VSU-0081,Nudo Cosmética,2026-06,Max,549,2537,2108,429,21,4,136,7664.65,14,10,3,3,2,5.0,6,6,2,0,538,5,"WhatsApp, Instagram",0
VSU-0081,Nudo Cosmética,2026-07,Max,549,2946,2399,547,25,7,84,7309.94,12,8,3,3,0,0.8,6,6,0,1,526,17,"WhatsApp, Instagram",0
VSU-0081,Nudo Cosmética,2026-08,Max,549,3023,2568,455,35,6,111,7628.99,10,5,2,3,2,3.7,6,5,0,0,538,10,"WhatsApp, Instagram",0
VSU-0081,Nudo Cosmética,2026-09,Max,549,1789,1458,331,15,5,92,5878.46,14,7,3,3,1,0.9,6,4,0,0,533,26,"WhatsApp, Instagram",13
VSU-0082,Nudo Deportes,2026-05,Pro,299,1724,1498,226,19,2,48,2783.93,14,6,3,3,1,3.4,0,0,9,1,1538,29,"WhatsApp, Instagram",0
VSU-0082,Nudo Deportes,2026-06,Pro,299,1854,1640,214,4,3,116,6513.27,6,4,2,3,0,5.3,5,0,0,0,1567,31,"WhatsApp, Instagram",0
VSU-0082,Nudo Deportes,2026-07,Pro,299,2228,1899,329,2,6,146,11413.67,22,20,3,3,0,4.0,0,0,2,0,1544,11,"WhatsApp, Instagram",0
VSU-0082,Nudo Deportes,2026-08,Pro,299,2575,2325,250,25,3,73,1537.84,5,3,1,3,0,3.6,0,0,0,0,1542,40,"WhatsApp, Instagram",0
VSU-0082,Nudo Deportes,2026-09,Pro,299,2018,1711,307,19,4,143,3150.8,14,8,3,3,2,2.6,0,0,0,0,1570,25,"WhatsApp, Instagram",0
VSU-0083,Nudo Repostería,2026-05,Pro,299,1042,924,118,8,5,51,3784.99,6,5,1,3,0,4.5,0,0,1,0,800,16,"WhatsApp, Instagram",5
VSU-0083,Nudo Repostería,2026-06,Pro,299,907,805,102,10,5,46,2678.46,4,2,1,3,0,2.1,0,0,2,0,799,4,"WhatsApp, Instagram",0
VSU-0083,Nudo Repostería,2026-07,Pro,299,775,648,127,8,2,62,5439.87,1,1,1,3,2,1.5,0,0,0,0,793,14,"WhatsApp, Instagram",0
VSU-0083,Nudo Repostería,2026-08,Pro,299,560,490,70,6,2,41,1762.38,0,0,0,3,0,1.9,0,0,0,0,804,7,"WhatsApp, Instagram",0
VSU-0083,Nudo Repostería,2026-09,Pro,299,311,281,30,1,2,17,295.6,1,1,1,3,1,1.5,0,0,0,0,778,2,"WhatsApp, Instagram",0
VSU-0084,Nudo Vital,2026-08,Pro,299,865,728,137,13,5,82,6893.68,8,4,1,1,2,1.0,1,0,0,1,519,5,"WhatsApp, Instagram",0
VSU-0084,Nudo Vital,2026-09,Pro,299,604,485,119,2,2,12,1000.29,13,7,1,1,2,3.9,1,0,0,0,517,4,"WhatsApp, Instagram",0
VSU-0085,Nutri Deco,2026-05,Pro,299,889,692,197,20,6,78,4627.37,22,9,1,1,1,4.5,0,0,1,0,1767,13,WhatsApp,0
VSU-0085,Nutri Deco,2026-06,Pro,299,821,681,140,3,3,42,3329.21,14,6,1,1,2,3.4,1,1,9,1,1780,0,WhatsApp,0
VSU-0085,Nutri Deco,2026-07,Pro,299,893,706,187,11,3,52,1551.63,4,3,1,1,0,2.9,0,0,1,0,1770,14,WhatsApp,0
VSU-0085,Nutri Deco,2026-08,Pro,299,763,697,66,7,4,18,1598.73,21,9,1,1,0,2.2,0,0,0,0,1820,0,WhatsApp,0
VSU-0085,Nutri Deco,2026-09,Pro,299,602,472,130,2,6,29,1485.94,2,1,1,1,1,5.2,5,0,1,0,1770,0,WhatsApp,0
VSU-0086,Nutri Lauret,2026-05,Pro,299,996,882,114,5,2,80,4075.46,14,10,3,3,1,0.8,8,4,0,0,99,17,"WhatsApp, Instagram",0
VSU-0086,Nutri Lauret,2026-06,Pro,299,1035,903,132,10,2,80,3852.9,10,4,3,3,1,3.2,3,2,1,0,100,16,"WhatsApp, Instagram",0
VSU-0086,Nutri Lauret,2026-07,Pro,299,849,711,138,16,4,72,3899.16,19,12,3,3,1,3.5,9,6,1,1,101,11,"WhatsApp, Instagram",0
VSU-0086,Nutri Lauret,2026-08,Pro,299,772,662,110,11,5,46,3437.29,16,9,3,3,1,2.8,9,5,0,0,98,15,"WhatsApp, Instagram",0
VSU-0086,Nutri Lauret,2026-09,Pro,299,532,421,111,7,4,44,1480.01,2,1,1,3,1,4.0,4,5,0,0,98,7,"WhatsApp, Instagram",19
VSU-0087,Nutri Relojes,2026-05,Starter,149,263,232,31,0,3,25,1109.29,8,5,2,2,1,4.5,0,0,1,0,1149,3,"WhatsApp, Instagram",1
VSU-0087,Nutri Relojes,2026-06,Starter,149,266,244,22,2,6,11,617.56,6,5,1,2,2,3.4,0,0,1,0,1121,3,"WhatsApp, Instagram",0
VSU-0087,Nutri Relojes,2026-07,Starter,149,226,201,25,1,5,19,1974.55,0,0,0,2,0,5.0,0,0,4,0,1155,1,"WhatsApp, Instagram",0
VSU-0087,Nutri Relojes,2026-08,Starter,149,119,101,18,1,4,6,126.63,0,0,0,2,0,0.8,2,0,0,0,1154,2,"WhatsApp, Instagram",32
VSU-0087,Nutri Relojes,2026-09,Starter,149,17,16,1,0,3,0,0.0,0,0,0,2,0,4.9,5,0,0,0,1127,0,"WhatsApp, Instagram",38
VSU-0088,Ocre Accesorios,2026-05,Starter,149,294,251,43,0,2,20,1669.48,9,4,2,2,1,3.4,0,0,0,0,1127,5,WhatsApp,0
VSU-0088,Ocre Accesorios,2026-06,Starter,149,233,189,44,3,7,4,362.42,3,1,1,2,0,5.7,1,0,0,0,1123,4,WhatsApp,0
VSU-0088,Ocre Accesorios,2026-07,Starter,149,183,153,30,2,3,14,784.46,8,5,2,2,1,3.5,2,0,0,0,1151,2,WhatsApp,0
VSU-0088,Ocre Accesorios,2026-08,Starter,149,144,127,17,0,5,6,239.54,2,1,1,2,0,4.7,1,0,2,0,1121,2,WhatsApp,0
VSU-0088,Ocre Accesorios,2026-09,Starter,149,62,56,6,0,3,5,371.35,0,0,0,2,0,5.7,2,0,4,0,1115,0,WhatsApp,0
VSU-0089,Ocre Lauret,2026-05,Max,549,3587,2834,753,22,4,238,6363.32,21,9,2,2,4,4.2,0,0,0,0,1743,27,"WhatsApp, Instagram",0
VSU-0089,Ocre Lauret,2026-06,Max,549,4040,3670,370,26,3,152,11660.83,15,11,2,2,0,3.6,2,0,4,0,1700,70,"WhatsApp, Instagram",0
VSU-0089,Ocre Lauret,2026-07,Max,549,3870,3217,653,0,7,241,12544.57,20,15,2,2,1,2.5,2,0,0,0,1714,12,"WhatsApp, Instagram",0
VSU-0089,Ocre Lauret,2026-08,Max,549,3755,3381,374,26,4,224,18899.68,4,2,1,2,1,5.7,0,0,0,0,1707,57,"WhatsApp, Instagram",0
VSU-0089,Ocre Lauret,2026-09,Max,549,2499,2310,189,16,3,211,8743.11,8,5,2,2,0,4.9,0,0,1,0,1758,19,"WhatsApp, Instagram",0
VSU-0090,Ocre Vinos,2026-05,Pro,299,837,749,88,8,3,34,3064.09,7,6,2,5,0,2.5,1,0,4,0,1342,12,WhatsApp,2
VSU-0090,Ocre Vinos,2026-06,Pro,299,890,797,93,7,6,66,4937.23,20,9,5,5,1,2.6,0,0,2,0,1328,9,WhatsApp,0
VSU-0090,Ocre Vinos,2026-07,Pro,299,897,693,204,9,5,20,862.97,19,15,4,5,0,5.8,0,0,0,0,1295,10,WhatsApp,0
VSU-0090,Ocre Vinos,2026-08,Pro,299,759,595,164,15,5,35,968.78,16,7,4,5,0,1.9,0,0,0,0,1319,14,WhatsApp,0
VSU-0090,Ocre Vinos,2026-09,Pro,299,621,549,72,6,2,49,3535.73,7,3,2,5,1,2.8,0,0,2,0,1303,0,WhatsApp,0
VSU-0091,Origo Baby,2026-05,Starter,149,239,195,44,2,5,8,351.93,15,8,1,1,2,2.3,0,0,0,0,2218,0,"WhatsApp, Instagram",0
VSU-0091,Origo Baby,2026-06,Starter,149,258,227,31,1,4,18,1273.85,7,4,1,1,0,2.2,0,0,4,0,2235,0,"WhatsApp, Instagram",0
VSU-0091,Origo Baby,2026-07,Starter,149,258,206,52,4,2,14,633.48,11,6,1,1,1,2.5,0,0,0,0,2230,4,"WhatsApp, Instagram",8
VSU-0091,Origo Baby,2026-08,Starter,149,131,110,21,2,5,6,293.67,6,4,1,1,0,4.8,0,0,0,0,2168,1,"WhatsApp, Instagram",0
VSU-0091,Origo Baby,2026-09,Starter,149,194,165,29,0,2,10,278.14,9,4,1,1,2,2.7,1,0,1,2,2168,1,"WhatsApp, Instagram",0
VSU-0092,Pampa Hogar,2026-05,Starter,149,192,148,44,2,2,11,1001.21,16,9,,5,2,0.6,0,0,2,2,378,1,"WhatsApp, Instagram",0
VSU-0092,Pampa Hogar,2026-06,Starter,149,171,149,22,0,6,12,328.52,12,5,4,5,1,3.4,2,0,0,0,376,0,"WhatsApp, Instagram",0
VSU-0092,Pampa Hogar,2026-07,Starter,149,230,201,29,2,7,16,898.03,8,4,2,5,1,5.3,0,0,0,0,373,2,"WhatsApp, Instagram",0
VSU-0092,Pampa Hogar,2026-08,Starter,149,177,161,16,0,3,12,411.73,12,7,2,5,0,1.8,0,0,9,0,378,1,"WhatsApp, Instagram",0
VSU-0092,Pampa Hogar,2026-09,Starter,149,141,124,17,0,7,3,143.68,15,7,3,5,2,3.9,0,0,1,0,383,0,"WhatsApp, Instagram",0
VSU-0094,Punto Óptica,2026-08,Pro,299,146,121,25,1,3,4,174.3,1,1,1,8,0,4.5,5,0,0,2,1725,1,"WhatsApp, Instagram",0
VSU-0094,Punto Óptica,2026-09,Pro,299,144,121,23,1,7,9,442.06,0,0,0,8,0,1.4,0,0,0,0,1729,0,"WhatsApp, Instagram",0
VSU-0095,Quila Bebés,2026-08,Max,549,1685,1485,200,12,4,128,8348.35,21,11,1,1,1,5.7,0,0,0,0,2016,31,WhatsApp,0
VSU-0095,Quila Bebés,2026-09,Max,549,2146,1841,305,36,7,71,4862.68,8,5,1,1,0,0.9,1,0,1,0,2083,38,WhatsApp,0
VSU-0096,Quila Café,2026-05,Starter,149,188,163,25,2,7,12,230.39,12,5,4,5,4,1.5,2,0,0,0,880,0,"WhatsApp, Instagram",18
VSU-0096,Quila Café,2026-06,Starter,149,198,153,45,2,7,14,556.92,5,2,1,5,0,1.7,0,0,2,0,873,4,"WhatsApp, Instagram",0
VSU-0096,Quila Café,2026-07,Starter,149,181,161,20,1,5,9,841.11,0,0,0,5,0,1.3,0,0,0,0,876,2,"WhatsApp, Instagram",0
VSU-0096,Quila Café,2026-08,Starter,149,73,65,8,0,4,5,101.79,0,0,0,5,0,2.3,1,1,1,0,871,0,"WhatsApp, Instagram",13
VSU-0096,Quila Café,2026-09,Starter,149,10,9,1,0,7,0,0.0,0,0,0,5,0,0.9,1,0,0,1,857,0,"WhatsApp, Instagram",15
VSU-0097,Quila Relojes,2026-05,Pro,299,1038,954,84,2,7,72,5731.3,16,9,3,3,1,0.6,1,0,1,0,1198,17,WhatsApp,0
VSU-0097,Quila Relojes,2026-06,Pro,299,936,781,155,4,3,80,2259.15,12,7,3,3,0,3.9,1,0,2,0,1175,8,WhatsApp,0
VSU-0097,Quila Relojes,2026-07,Pro,299,1032,848,184,11,7,26,592.75,20,11,3,3,1,2.5,1,0,1,0,1160,14,WhatsApp,1
VSU-0097,Quila Relojes,2026-08,Pro,299,934,826,108,10,3,76,1640.74,19,15,3,3,1,1.1,1,0,1,0,1199,11,WhatsApp,0
VSU-0097,Quila Relojes,2026-09,Pro,299,735,656,79,4,3,67,3889.76,7,6,1,3,1,3.1,0,0,9,0,1172,8,WhatsApp,0
VSU-0098,Quinta Bebés,2026-05,Pro,299,1944,1686,258,6,4,119,3074.02,20,12,4,5,0,1.5,5,1,0,0,184,34,"WhatsApp, Instagram",0
VSU-0098,Quinta Bebés,2026-06,Pro,299,2030,1810,220,8,5,170,6425.51,18,12,3,5,0,2.6,0,0,0,0,186,33,"WhatsApp, Instagram",0
VSU-0098,Quinta Bebés,2026-07,Pro,299,2176,1898,278,4,7,165,8106.64,18,10,4,5,4,5.6,2,0,2,0,182,34,"WhatsApp, Instagram",0
VSU-0098,Quinta Bebés,2026-08,Pro,299,1468,1164,304,30,5,134,2938.6,19,15,5,5,1,1.6,0,0,1,0,184,16,"WhatsApp, Instagram",0
VSU-0098,Quinta Bebés,2026-09,Pro,299,1940,1596,344,18,2,52,1610.82,2,1,1,5,1,5.4,0,0,1,0,,22,"WhatsApp, Instagram",0
VSU-0099,Quinta Cerámica,2026-08,Max,549,3974,3417,557,45,7,360,31276.48,9,4,1,1,0,2.2,0,0,0,0,1367,52,"WhatsApp, Instagram",0
VSU-0099,Quinta Cerámica,2026-09,Max,549,3058,2737,321,27,4,103,3940.6,2,1,1,1,0,5.5,0,0,1,0,1397,35,"WhatsApp, Instagram",0
VSU-0100,Quinta Muebles,2026-05,Pro,299,1182,1072,110,5,6,102,8616.48,9,8,3,3,1,2.1,0,0,2,0,1870,1,"WhatsApp, Instagram",0
VSU-0100,Quinta Muebles,2026-06,Pro,299,1303,1144,159,8,3,62,6179.46,4,2,1,3,1,5.9,0,0,0,0,1889,23,"WhatsApp, Instagram",0
VSU-0100,Quinta Muebles,2026-07,Pro,299,1081,968,113,7,3,67,2317.09,0,0,0,3,0,4.0,1,0,0,0,1845,16,"WhatsApp, Instagram",0
VSU-0100,Quinta Muebles,2026-08,Pro,299,495,384,111,7,5,40,1626.79,0,0,0,3,0,5.9,0,0,0,0,1881,2,"WhatsApp, Instagram",25
VSU-0100,Quinta Muebles,2026-09,Pro,299,70,58,12,0,6,4,109.8,0,0,0,3,0,2.0,1,1,0,0,1888,0,"WhatsApp, Instagram",38
VSU-0101,Raíz Denim,2026-05,Starter,149,346,304,42,3,5,23,1341.27,18,13,2,2,0,4.1,0,0,0,0,2151,0,WhatsApp,0
VSU-0101,Raíz Denim,2026-06,Starter,149,286,256,30,0,5,13,427.45,13,6,2,2,0,1.1,2,0,0,0,2220,5,WhatsApp,0
VSU-0101,Raíz Denim,2026-07,Starter,149,319,280,39,0,7,10,685.88,22,9,2,2,1,2.2,0,0,2,0,2215,5,WhatsApp,0
VSU-0101,Raíz Denim,2026-08,Starter,149,328,269,59,2,3,29,1159.28,12,6,2,2,2,3.9,2,1,2,0,2216,4,WhatsApp,0
VSU-0101,Raíz Denim,2026-09,Starter,149,214,185,29,2,3,10,720.97,13,10,2,2,0,5.4,5,0,0,2,2177,4,WhatsApp,0
VSU-0102,Raíz Shop,2026-05,Pro,299,1200,1035,165,11,4,90,2689.42,13,8,3,3,1,3.2,2,0,0,0,1836,8,WhatsApp,0
VSU-0102,Raíz Shop,2026-06,Pro,299,1076,898,178,1,2,52,1273.57,9,4,2,3,1,1.5,5,0,0,1,1896,4,WhatsApp,0
VSU-0102,Raíz Shop,2026-07,Pro,299,1158,995,163,5,3,71,4415.91,5,3,2,3,0,0.8,0,0,0,0,1896,22,WhatsApp,0
VSU-0102,Raíz Shop,2026-08,Pro,299,619,497,122,6,6,27,2798.07,8,4,2,3,0,2.4,1,1,1,0,1878,9,WhatsApp,15
VSU-0102,Raíz Shop,2026-09,Pro,299,553,457,96,9,5,39,2217.05,12,5,3,3,1,6.0,1,0,0,0,1830,1,WhatsApp,16
VSU-0103,Rústico Repostería,2026-05,Pro,299,1141,902,239,27,7,38,3262.71,9,4,,3,0,3.6,0,0,2,0,663,3,WhatsApp,0
VSU-0103,Rústico Repostería,2026-06,Pro,299,968,767,201,6,4,57,1138.91,8,6,2,3,0,4.4,0,0,4,0,662,13,WhatsApp,0
VSU-0103,Rústico Repostería,2026-07,Pro,299,762,642,120,7,4,35,2286.25,4,3,1,3,1,1.0,2,0,9,0,655,5,WhatsApp,0
VSU-0103,Rústico Repostería,2026-08,Pro,299,522,463,59,2,5,21,500.03,2,1,1,3,4,0.6,0,0,0,0,650,10,WhatsApp,12
VSU-0103,Rústico Repostería,2026-09,Pro,299,306,256,50,2,6,8,147.8,2,1,1,3,0,2.2,0,0,0,0,667,4,WhatsApp,0
VSU-0104,Rústico Store,2026-08,Max,549,287,242,45,0,4,15,1564.88,0,0,0,2,0,0.9,1,0,2,0,803,0,WhatsApp,0
VSU-0104,Rústico Store,2026-09,Max,549,160,144,16,0,5,9,313.18,0,0,0,2,0,1.0,0,0,0,0,802,1,WhatsApp,0
VSU-0105,Sable Libros,2026-05,Starter,149,504,428,76,7,7,24,1788.94,7,4,1,5,0,2.8,5,1,0,0,2182,3,"WhatsApp, Instagram",0
VSU-0105,Sable Libros,2026-06,Starter,149,569,509,60,6,5,11,641.0,11,10,4,5,0,3.5,1,0,4,0,2218,2,"WhatsApp, Instagram",0
VSU-0105,Sable Libros,2026-07,Starter,149,573,465,108,3,3,22,1560.45,13,8,3,5,2,5.7,0,0,0,1,2206,7,"WhatsApp, Instagram",0
VSU-0105,Sable Libros,2026-08,Starter,149,363,313,50,1,3,10,395.86,16,13,3,5,4,4.9,0,0,1,0,2189,4,"WhatsApp, Instagram",0
VSU-0105,Sable Libros,2026-09,Starter,149,450,397,53,0,2,36,578.45,7,5,1,5,0,4.0,0,0,0,0,2151,8,"WhatsApp, Instagram",0
VSU-0106,Sable Perfumes,2026-05,Starter,149,180,158,22,1,7,4,300.02,17,10,3,3,0,5.4,1,0,2,0,1153,0,WhatsApp,0
VSU-0106,Sable Perfumes,2026-06,Starter,149,171,158,13,1,4,7,328.31,10,7,2,3,0,3.2,1,0,0,0,1176,3,WhatsApp,0
VSU-0106,Sable Perfumes,2026-07,Starter,149,150,122,28,3,3,13,593.18,14,10,2,3,0,1.2,0,0,1,0,1150,1,WhatsApp,0
VSU-0106,Sable Perfumes,2026-08,Starter,149,194,150,44,2,4,6,461.51,7,5,2,3,1,2.1,0,0,1,0,1132,2,WhatsApp,0
VSU-0106,Sable Perfumes,2026-09,Starter,149,108,89,19,0,4,3,183.03,13,7,3,3,1,5.6,2,0,0,0,1151,1,WhatsApp,0
VSU-0107,TIERRA MUEBLES,2026-05,Pro,299,1032,907,125,2,2,23,1114.84,6,4,1,5,1,4.0,6,4,0,0,2277,1,"WhatsApp, Instagram",0
VSU-0107,TIERRA MUEBLES,2026-06,Pro,299,877,717,160,10,4,30,3043.31,6,3,1,5,0,0.9,4,6,0,0,2285,14,"WhatsApp, Instagram",0
VSU-0107,TIERRA MUEBLES,2026-07,Pro,299,1049,891,158,6,2,78,3314.1,15,8,4,5,1,5.2,9,2,2,0,2237,17,"WhatsApp, Instagram",0
VSU-0107,TIERRA MUEBLES,2026-08,Pro,299,922,834,88,4,6,31,1184.99,14,6,4,5,1,6.0,9,2,0,0,2261,8,"WhatsApp, Instagram",0
VSU-0107,TIERRA MUEBLES,2026-09,Pro,299,763,706,57,1,5,55,1898.98,11,9,2,5,2,4.9,6,4,1,0,2214,11,"WhatsApp, Instagram",0
VSU-0108,Tierra Repostería,2026-05,Pro,299,935,860,75,2,4,80,4742.93,20,10,3,3,2,3.2,2,0,0,0,460,2,WhatsApp,0
VSU-0108,Tierra Repostería,2026-06,Pro,299,948,784,164,9,3,71,4349.5,21,10,3,3,0,2.7,1,0,1,0,450,8,WhatsApp,0
VSU-0108,Tierra Repostería,2026-07,Pro,299,1008,812,196,9,7,85,1958.33,12,8,3,3,0,4.3,0,0,2,0,451,17,WhatsApp,0
VSU-0108,Tierra Repostería,2026-08,Pro,299,1100,958,142,16,7,27,1680.72,4,3,1,3,0,1.7,0,0,0,0,457,13,WhatsApp,0
VSU-0108,Tierra Repostería,2026-09,Pro,299,653,584,69,0,3,53,1124.97,15,9,3,3,0,5.1,0,0,2,0,450,2,WhatsApp,0
VSU-0109,Tostaduría Asados,2026-05,Starter,149,316,274,42,3,2,10,317.19,10,5,2,2,0,1.3,1,0,0,0,1558,2,WhatsApp,0
VSU-0109,Tostaduría Asados,2026-06,Starter,149,347,290,57,4,5,22,1183.83,5,4,1,2,0,2.0,2,0,0,0,1549,2,WhatsApp,0
VSU-0109,Tostaduría Asados,2026-07,Starter,149,302,275,27,0,4,21,1506.71,0,0,0,2,0,1.4,0,0,0,0,1510,4,WhatsApp,0
VSU-0109,Tostaduría Asados,2026-08,Starter,149,155,130,25,0,3,11,910.66,0,0,0,2,0,5.1,0,0,0,0,1515,2,WhatsApp,25
VSU-0109,Tostaduría Asados,2026-09,Starter,149,16,15,1,0,5,0,0.0,0,0,0,2,0,4.8,1,0,0,0,1514,0,WhatsApp,25
VSU-0110,Tostaduría Bike,2026-05,Starter,149,261,220,41,3,7,24,938.22,9,4,2,5,1,3.7,0,0,1,0,1114,4,WhatsApp,0
VSU-0110,Tostaduría Bike,2026-06,Starter,149,288,237,51,5,2,20,1593.45,6,5,1,5,0,5.8,0,0,0,0,1110,2,WhatsApp,0
VSU-0110,Tostaduría Bike,2026-07,Starter,149,261,238,23,0,5,24,1508.36,0,0,0,5,0,5.3,0,0,4,0,1101,0,WhatsApp,0
VSU-0110,Tostaduría Bike,2026-08,Starter,149,124,113,11,0,3,7,571.77,0,0,0,5,0,2.5,1,0,4,0,1108,1,WhatsApp,32
VSU-0110,Tostaduría Bike,2026-09,Starter,149,16,13,3,0,3,1,47.41,0,0,0,5,0,0.7,5,0,0,0,1092,0,WhatsApp,21
VSU-0111,Tostaduría Café,2026-08,Pro,299,90,74,16,1,5,4,314.56,0,0,0,5,0,4.6,0,0,0,2,1861,1,"WhatsApp, Instagram",0
VSU-0111,Tostaduría Café,2026-09,Pro,299,53,47,6,0,4,3,101.58,0,0,0,5,0,5.8,0,0,0,1,1864,0,"WhatsApp, Instagram",20
VSU-0112,Tostaduría Skincare,2026-05,Max,549,3112,2527,585,10,6,179,6279.16,20,9,1,1,1,3.1,0,0,0,0,475,55,"WhatsApp, Instagram",0
VSU-0112,Tostaduría Skincare,2026-06,Max,549,3118,2613,505,10,3,132,9828.34,20,9,,1,1,1.5,0,0,0,0,465,24,"WhatsApp, Instagram",0
VSU-0112,Tostaduría Skincare,2026-07,Max,549,2880,2297,583,40,7,180,9092.15,6,3,1,1,1,3.4,1,0,0,0,459,11,"WhatsApp, Instagram",0
VSU-0112,Tostaduría Skincare,2026-08,Max,549,3489,3158,331,15,2,255,10394.02,12,7,1,1,4,5.0,0,0,2,0,465,25,"WhatsApp, Instagram",0
VSU-0112,Tostaduría Skincare,2026-09,Max,549,2232,1887,345,6,7,105,4495.49,5,2,1,1,2,5.4,2,0,0,1,475,44,"WhatsApp, Instagram",0
VSU-0113,Uma Cosmética,2026-05,Starter,149,266,235,31,1,3,13,1062.88,17,11,3,3,0,4.3,0,0,1,1,2067,1,WhatsApp,0
VSU-0113,Uma Cosmética,2026-06,Starter,149,356,283,73,6,6,22,1797.45,17,9,3,3,0,1.8,1,0,2,0,2064,3,WhatsApp,0
VSU-0113,Uma Cosmética,2026-07,Starter,149,306,240,66,3,4,15,318.49,18,8,3,3,1,2.6,1,0,0,0,2024,2,WhatsApp,6
VSU-0113,Uma Cosmética,2026-08,Starter,149,340,284,56,4,4,14,546.29,18,8,3,3,0,1.5,0,0,0,0,2079,5,WhatsApp,0
VSU-0113,Uma Cosmética,2026-09,Starter,149,213,188,25,0,5,9,807.99,3,1,1,3,1,5.0,0,0,0,0,2002,2,WhatsApp,0
VSU-0114,Uma Deco,2026-05,Pro,299,730,651,79,4,5,33,3105.79,5,4,1,3,0,4.0,1,1,4,0,585,5,WhatsApp,0
VSU-0114,Uma Deco,2026-06,Pro,299,709,577,132,0,7,30,530.62,4,2,1,3,1,5.0,2,0,1,0,588,13,WhatsApp,0
VSU-0114,Uma Deco,2026-07,Pro,299,569,468,101,11,4,15,1424.03,7,4,1,3,2,0.5,1,0,1,0,,5,WhatsApp,0
VSU-0114,Uma Deco,2026-08,Pro,299,340,296,44,4,7,12,524.64,0,0,0,3,0,0.7,2,0,2,0,582,5,WhatsApp,0
VSU-0114,Uma Deco,2026-09,Pro,299,163,147,16,1,3,6,369.27,0,0,,3,0,0.8,0,0,0,0,582,3,WhatsApp,0
VSU-0115,Urbe Vinos ,2026-05,Starter,149,255,225,30,1,5,9,254.52,8,5,2,8,2,4.0,0,0,0,0,2169,0,"WhatsApp, Instagram",0
VSU-0115,Urbe Vinos ,2026-06,Starter,149,245,198,47,3,4,7,477.28,13,8,3,8,0,1.1,0,0,1,0,2182,0,"WhatsApp, Instagram",0
VSU-0115,Urbe Vinos ,2026-07,Starter,149,213,192,21,2,3,7,288.23,19,9,4,8,1,0.7,0,0,0,0,,2,"WhatsApp, Instagram",0
VSU-0115,Urbe Vinos ,2026-08,Starter,149,281,244,37,0,21,17,1324.22,10,5,3,8,0,5.8,1,0,39,7,2151,118,"WhatsApp, Instagram",0
VSU-0115,Urbe Vinos ,2026-09,Starter,149,169,143,26,1,41,14,867.6,3,1,1,8,1,3.6,0,0,63,10,2151,255,"WhatsApp, Instagram",0
VSU-0116,Vera Cerámica,2026-05,Pro,299,718,577,141,14,5,21,706.46,5,3,1,3,1,2.2,0,0,0,0,1788,5,WhatsApp,0
VSU-0116,Vera Cerámica,2026-06,Pro,299,768,627,141,1,4,24,681.12,15,10,3,3,0,4.6,0,0,0,0,1793,12,WhatsApp,0
VSU-0116,Vera Cerámica,2026-07,Pro,299,749,584,165,17,4,41,3058.41,9,8,2,3,2,5.4,0,0,0,2,1735,15,WhatsApp,0
VSU-0116,Vera Cerámica,2026-08,Pro,299,735,582,153,13,6,22,1174.26,17,10,3,3,2,2.2,1,0,0,0,1788,2,WhatsApp,0
VSU-0116,Vera Cerámica,2026-09,Pro,299,520,435,85,7,4,31,1066.81,5,3,1,3,1,2.7,2,0,1,0,1789,6,WhatsApp,0
VSU-0117,Vera Pet,2026-05,Max,549,2560,2140,420,25,4,229,7553.88,6,3,1,5,2,3.7,0,0,0,0,355,28,WhatsApp,0
VSU-0117,Vera Pet,2026-06,Max,549,2139,1797,342,22,5,149,12688.23,9,5,2,5,0,5.6,0,0,0,0,363,45,WhatsApp,0
VSU-0117,Vera Pet,2026-07,Max,549,1403,1241,162,16,7,42,4676.39,2,1,1,5,0,3.0,0,0,1,0,356,12,WhatsApp,0
VSU-0117,Vera Pet,2026-08,Max,549,1039,849,190,1,5,76,4895.22,4,3,1,5,4,3.4,0,0,1,2,361,16,WhatsApp,0
VSU-0117,Vera Pet,2026-09,Max,549,513,452,61,5,4,41,1133.96,0,0,0,5,0,3.7,1,0,1,0,352,6,WhatsApp,0
VSU-0118,Vera Textil,2026-08,Pro,299,108,92,16,1,6,5,463.33,0,0,0,5,0,2.2,0,0,1,0,1174,1,"WhatsApp, Instagram",0
VSU-0118,Vera Textil,2026-09,Pro,299,58,52,6,0,7,4,329.35,0,0,0,5,0,1.2,2,0,1,0,1167,0,"WhatsApp, Instagram",0
VSU-0119,Verde Baby,2026-05,Starter,149,263,242,21,1,5,20,1560.99,8,6,1,5,1,1.2,0,0,0,0,152,2,"WhatsApp, Instagram",0
VSU-0119,Verde Baby,2026-06,Starter,149,308,272,36,2,6,12,867.02,21,17,5,5,0,2.6,0,0,2,0,149,0,"WhatsApp, Instagram",0
VSU-0119,Verde Baby,2026-07,Starter,149,289,258,31,1,2,18,865.67,5,2,1,5,2,1.4,2,0,0,0,152,0,"WhatsApp, Instagram",0
VSU-0119,Verde Baby,2026-08,Starter,149,157,131,26,0,4,3,235.45,13,6,3,5,4,3.2,5,0,0,0,149,1,"WhatsApp, Instagram",14
VSU-0119,Verde Baby,2026-09,Starter,149,205,184,21,0,3,16,1242.51,6,5,1,5,0,1.8,2,0,0,0,151,2,"WhatsApp, Instagram",0
VSU-0120,Verde Labs,2026-05,Pro,299,1420,1181,239,16,3,66,6038.77,9,4,2,5,2,3.8,0,0,2,0,831,2,WhatsApp,0
VSU-0120,Verde Labs,2026-06,Pro,299,1362,1221,141,12,2,131,6860.31,8,5,2,5,1,1.6,1,0,1,0,841,12,WhatsApp,0
VSU-0120,Verde Labs,2026-07,Pro,299,881,732,149,1,2,78,4517.34,8,4,1,5,1,2.9,0,0,0,0,814,2,WhatsApp,0
VSU-0120,Verde Labs,2026-08,Pro,299,702,627,75,7,7,32,3265.6,2,1,1,5,0,3.2,0,0,1,0,812,10,WhatsApp,0
VSU-0120,Verde Labs,2026-09,Pro,299,313,250,63,2,4,24,2431.88,0,0,0,5,0,1.7,0,0,2,0,838,5,WhatsApp,0
VSU-0121,Verde Libros,2026-05,Pro,299,982,805,177,15,3,62,3892.54,8,5,2,3,1,2.5,0,0,2,0,110,12,"WhatsApp, Instagram",0
VSU-0121,Verde Libros,2026-06,Pro,299,852,712,140,10,5,73,4654.42,22,9,3,3,1,4.3,1,0,1,0,111,4,"WhatsApp, Instagram",0
VSU-0121,Verde Libros,2026-07,Pro,299,789,662,127,78,6,44,4594.06,19,14,3,3,2,50.5,0,0,2,0,,0,"WhatsApp, Instagram",0
VSU-0121,Verde Libros,2026-08,Pro,299,442,392,50,34,6,24,1395.19,17,7,3,3,2,68.9,0,0,0,0,112,6,"WhatsApp, Instagram",0
VSU-0121,Verde Libros,2026-09,Pro,299,465,423,42,26,5,38,3455.77,10,4,,3,1,58.0,1,0,1,0,112,7,"WhatsApp, Instagram",0
VSU-0122,Wanda Cerámica,2026-05,Pro,299,1986,1684,302,25,7,153,8823.39,10,4,2,8,0,5.6,0,0,0,0,1163,10,WhatsApp,0
VSU-0122,Wanda Cerámica,2026-06,Pro,299,2137,1949,188,1,6,128,11489.02,22,15,5,8,2,5.4,0,0,0,0,1135,8,WhatsApp,0
VSU-0122,Wanda Cerámica,2026-07,Pro,299,2481,2023,458,21,4,194,15406.85,17,9,4,8,4,2.5,0,0,0,0,1150,21,WhatsApp,0
VSU-0122,Wanda Cerámica,2026-08,Pro,299,2607,2144,463,26,2,141,4687.34,4,3,1,8,4,1.0,2,1,2,0,1159,18,WhatsApp,0
VSU-0122,Wanda Cerámica,2026-09,Pro,299,1860,1694,166,19,3,47,2135.08,9,5,2,8,1,5.5,0,0,0,0,1172,23,WhatsApp,0
VSU-0123,Wanda Libros,2026-05,Max,549,4253,3689,564,19,3,327,19180.54,6,3,1,3,1,1.7,2,0,0,0,1566,29,"WhatsApp, Instagram",0
VSU-0123,Wanda Libros,2026-06,Max,549,4298,3570,728,80,7,423,17977.8,16,12,3,3,1,3.5,0,0,0,0,1575,2,"WhatsApp, Instagram",0
VSU-0123,Wanda Libros,2026-07,Max,549,3737,3177,560,63,2,162,10923.82,21,9,3,3,1,4.7,2,0,9,0,1590,37,"WhatsApp, Instagram",0
VSU-0123,Wanda Libros,2026-08,Max,549,2527,2124,403,15,7,179,12569.42,14,7,2,3,0,4.3,5,0,1,0,1569,3,"WhatsApp, Instagram",0
VSU-0123,Wanda Libros,2026-09,Max,549,2480,2032,448,34,6,228,16556.68,12,6,3,3,0,2.4,0,0,4,0,1532,45,"WhatsApp, Instagram",0
VSU-0124,Wanda Zapatos,2026-05,Max,549,3651,2961,690,15,2,162,7745.52,16,12,3,3,4,3.2,0,0,0,0,1723,47,WhatsApp,0
VSU-0124,Wanda Zapatos,2026-06,Max,549,4209,3716,493,22,2,197,11961.62,9,5,2,3,1,4.7,0,0,2,0,1758,38,WhatsApp,6
VSU-0124,Wanda Zapatos,2026-07,Max,549,4657,4081,576,35,6,191,9284.4,21,11,3,3,2,1.8,0,0,4,0,1707,6,WhatsApp,0
VSU-0124,Wanda Zapatos,2026-08,Max,549,4738,3882,856,63,46,243,15034.74,15,6,3,3,0,1.5,1,0,55,12,1748,114,WhatsApp,0
VSU-0124,Wanda Zapatos,2026-09,Max,549,2956,2428,528,55,40,75,4195.24,10,9,3,3,0,2.3,0,0,63,8,1741,164,WhatsApp,0
VSU-0125,Wild Café,2026-05,Max,549,4336,3716,620,15,7,318,11560.51,7,6,1,3,2,4.6,0,0,0,0,2326,26,WhatsApp,0
VSU-0125,Wild Café,2026-06,Max,549,3421,3004,417,13,7,170,17161.83,6,3,1,3,1,1.0,0,0,0,0,2366,33,WhatsApp,0
VSU-0125,Wild Café,2026-07,Max,549,3137,2429,708,15,2,163,14627.03,4,2,1,3,1,1.7,1,1,0,0,2379,4,WhatsApp,0
VSU-0125,Wild Café,2026-08,Max,549,2085,1605,480,29,2,165,10484.69,1,1,1,3,0,5.7,5,0,1,1,2351,19,WhatsApp,0
VSU-0125,Wild Café,2026-09,Max,549,956,800,156,16,3,34,614.55,2,1,1,3,0,5.3,1,0,0,0,2335,13,WhatsApp,0
VSU-0126,Wild Skincare,2026-05,Pro,299,1338,1235,103,6,7,32,2375.63,4,2,1,2,1,2.9,0,0,2,0,1506,8,WhatsApp,0
VSU-0126,Wild Skincare,2026-06,Pro,299,1391,1250,141,6,5,29,1926.91,21,14,2,2,2,3.4,1,0,1,0,1528,5,WhatsApp,0
VSU-0126,Wild Skincare,2026-07,Pro,299,1260,976,284,225,7,109,7643.65,12,6,2,2,1,34.5,0,0,2,0,1503,5,WhatsApp,0
VSU-0126,Wild Skincare,2026-08,Pro,299,1390,1163,227,176,2,80,6003.04,15,7,2,2,0,66.1,0,0,2,0,1532,15,WhatsApp,0
VSU-0126,Wild Skincare,2026-09,Pro,299,966,764,202,130,6,67,6220.92,2,1,1,2,1,57.7,1,0,4,1,1519,9,WhatsApp,0
VSU-0127,Wild del Sur,2026-05,Starter,149,267,227,40,3,4,11,537.49,11,8,2,3,1,3.2,1,0,0,0,1067,0,WhatsApp,0
VSU-0127,Wild del Sur,2026-06,Starter,149,204,171,33,0,7,17,1359.66,7,5,2,3,2,4.7,0,0,4,0,1066,2,WhatsApp,0
VSU-0127,Wild del Sur,2026-07,Starter,149,148,128,20,1,5,10,389.63,3,2,1,3,0,4.0,0,0,0,0,1086,1,WhatsApp,0
VSU-0127,Wild del Sur,2026-08,Starter,149,112,94,18,1,3,10,778.32,3,2,1,3,0,1.9,0,0,2,0,1066,0,WhatsApp,0
VSU-0127,Wild del Sur,2026-09,Starter,149,60,48,12,0,5,2,147.96,0,0,0,3,0,5.8,0,0,0,0,1079,1,WhatsApp,0
VSU-0128,Xilo Accesorios,2026-08,Starter,149,210,179,31,3,4,16,1102.91,8,7,2,3,2,1.4,0,0,1,0,1029,3,"WhatsApp, Instagram",0
VSU-0128,Xilo Accesorios,2026-09,Starter,149,161,131,30,3,4,8,345.51,4,3,1,3,0,4.1,0,0,0,0,1070,1,"WhatsApp, Instagram",0
VSU-0129,Xilo Arte,2026-05,Starter,149,265,222,43,0,2,13,492.29,20,14,4,5,2,4.9,1,0,0,0,875,3,WhatsApp,16
VSU-0129,Xilo Arte,2026-06,Starter,149,317,290,27,1,3,16,1207.54,13,6,3,5,4,0.9,5,0,1,0,872,0,WhatsApp,15
VSU-0129,Xilo Arte,2026-07,Starter,149,264,235,29,0,2,17,1268.9,9,4,3,5,2,1.3,1,0,0,0,896,1,WhatsApp,0
VSU-0129,Xilo Arte,2026-08,Starter,149,337,290,47,1,4,11,481.62,20,9,4,5,0,4.4,0,0,4,0,870,5,WhatsApp,0
VSU-0129,Xilo Arte,2026-09,Starter,149,182,158,24,2,4,7,461.08,9,4,2,5,2,4.4,1,1,0,0,879,0,WhatsApp,0
VSU-0130,Xilo Zapatos,2026-05,Max,549,3787,3399,388,41,6,163,9792.36,6,5,1,1,4,5.6,0,0,0,0,269,62,"WhatsApp, Instagram",0
VSU-0130,Xilo Zapatos,2026-06,Max,549,4066,3477,589,31,6,295,30347.36,6,4,1,1,1,5.4,1,1,0,0,270,24,"WhatsApp, Instagram",0
VSU-0130,Xilo Zapatos,2026-07,Max,549,3700,3042,658,52,2,219,13605.83,0,0,0,1,0,5.1,0,0,9,0,266,1,"WhatsApp, Instagram",0
VSU-0130,Xilo Zapatos,2026-08,Max,549,1763,1405,358,37,5,139,8002.66,0,0,0,1,0,4.5,1,0,1,0,265,1,"WhatsApp, Instagram",38
VSU-0130,Xilo Zapatos,2026-09,Max,549,238,203,35,1,5,20,1588.57,0,0,0,1,0,0.8,1,0,4,1,264,4,"WhatsApp, Instagram",15
VSU-0131,Yaku Bike,2026-05,Pro,299,1283,1098,185,11,3,45,1764.22,19,12,3,3,1,0.9,1,0,4,0,98,21,"WhatsApp, Instagram",0
VSU-0131,Yaku Bike,2026-06,Pro,299,1252,1047,205,21,5,80,4181.32,5,4,2,3,1,5.5,0,0,0,0,97,5,"WhatsApp, Instagram",0
VSU-0131,Yaku Bike,2026-07,Pro,299,1209,1042,167,17,2,45,2171.39,18,8,3,3,2,1.6,2,0,9,0,99,2,"WhatsApp, Instagram",0
VSU-0131,Yaku Bike,2026-08,Pro,299,1207,983,224,7,7,36,2803.83,14,10,3,3,1,2.9,2,1,1,0,99,9,"WhatsApp, Instagram",0
VSU-0131,Yaku Bike,2026-09,Pro,299,933,797,136,0,6,32,2380.93,6,5,1,3,1,3.9,2,0,0,0,99,7,"WhatsApp, Instagram",14
VSU-0132,Yaku Nutrición,2026-05,Max,549,4310,3879,431,7,3,135,8443.34,12,5,3,3,2,4.8,3,6,1,0,1402,83,WhatsApp,0
VSU-0132,Yaku Nutrición,2026-06,Max,549,4769,4140,629,5,7,175,14392.99,16,9,3,3,1,3.7,6,3,2,0,1405,70,WhatsApp,0
VSU-0132,Yaku Nutrición,2026-07,Max,549,3925,3146,779,66,5,302,18710.72,19,8,3,3,1,3.9,8,2,2,0,,42,WhatsApp,0
VSU-0132,Yaku Nutrición,2026-08,Max,549,4557,3796,761,67,7,213,11443.22,16,8,3,3,1,4.2,5,2,1,0,1390,26,WhatsApp,0
VSU-0132,Yaku Nutrición,2026-09,Max,549,3064,2767,297,16,2,214,5813.99,8,4,2,3,2,0.6,6,3,1,0,1370,32,WhatsApp,0
VSU-0133,Yaku Streetwear,2026-05,Starter,149,423,381,42,2,5,14,1007.79,16,9,1,1,0,3.6,1,0,1,0,2360,0,"WhatsApp, Instagram",20
VSU-0133,Yaku Streetwear,2026-06,Starter,149,483,414,69,1,6,27,600.41,8,6,1,1,1,2.1,2,0,0,0,2374,3,"WhatsApp, Instagram",0
VSU-0133,Yaku Streetwear,2026-07,Starter,149,537,428,109,10,2,37,3552.81,15,9,1,1,4,0.7,0,0,9,0,2383,4,"WhatsApp, Instagram",10
VSU-0133,Yaku Streetwear,2026-08,Starter,149,617,499,118,7,5,32,1750.86,4,2,1,1,2,4.8,0,0,4,0,2334,12,"WhatsApp, Instagram",0
VSU-0133,Yaku Streetwear,2026-09,Starter,149,454,355,99,5,6,14,928.33,6,4,1,1,1,1.4,0,0,4,0,2376,6,"WhatsApp, Instagram",0
VSU-0134,Zafiro Asados,2026-05,Starter,149,307,245,62,0,7,14,751.54,12,6,2,8,0,4.9,2,0,1,0,725,5,"WhatsApp, Instagram",0
VSU-0134,Zafiro Asados,2026-06,Starter,149,311,281,30,3,3,20,740.57,19,14,4,8,0,2.8,0,0,4,0,710,4,"WhatsApp, Instagram",0
VSU-0134,Zafiro Asados,2026-07,Starter,149,312,275,37,1,4,17,1029.25,4,3,1,8,0,2.9,0,0,1,1,710,5,"WhatsApp, Instagram",0
VSU-0134,Zafiro Asados,2026-08,Starter,149,308,233,75,8,7,15,387.82,17,10,5,8,1,2.1,5,0,9,0,710,0,"WhatsApp, Instagram",0
VSU-0134,Zafiro Asados,2026-09,Starter,149,200,157,43,3,4,15,1227.18,7,5,2,8,2,2.9,2,0,0,0,723,0,"WhatsApp, Instagram",0
VSU-0135,Zafiro Market,2026-05,Max,549,5608,4886,722,63,4,327,33055.6,7,5,2,8,1,5.6,5,0,1,0,1016,73,"WhatsApp, Instagram",0
VSU-0135,Zafiro Market,2026-06,Max,549,5748,4919,829,36,3,176,9955.38,20,11,5,8,1,3.5,2,0,0,0,996,33,"WhatsApp, Instagram",0
VSU-0135,Zafiro Market,2026-07,Max,549,7007,5918,1089,109,7,592,45908.91,8,5,2,8,0,5.6,1,1,0,0,1002,57,"WhatsApp, Instagram",0
VSU-0135,Zafiro Market,2026-08,Max,549,7236,6027,1209,42,6,394,21389.24,16,12,4,8,1,0.7,1,0,4,0,995,140,"WhatsApp, Instagram",0
VSU-0135,Zafiro Market,2026-09,Max,549,6208,5224,984,109,7,176,10722.08,14,12,4,8,0,4.5,1,1,4,0,1000,69,"WhatsApp, Instagram",0
VSU-0136,Zafiro Pet,2026-05,Pro,299,879,706,173,10,7,33,2252.82,11,6,3,3,1,4.7,0,0,1,0,1919,15,WhatsApp,0
VSU-0136,Zafiro Pet,2026-06,Pro,299,707,576,131,1,6,49,2440.88,18,9,3,3,1,5.3,5,0,2,1,1985,10,WhatsApp,0
VSU-0136,Zafiro Pet,2026-07,Pro,299,803,712,91,5,7,52,3709.64,6,5,,3,4,5.5,0,0,0,0,1917,1,WhatsApp,0
VSU-0136,Zafiro Pet,2026-08,Pro,299,1049,887,162,17,2,67,4625.04,21,9,3,3,2,3.5,0,0,1,0,1970,16,WhatsApp,0
VSU-0136,Zafiro Pet,2026-09,Pro,299,647,537,110,9,7,44,3406.47,4,2,1,3,0,3.4,0,0,9,0,1912,9,WhatsApp,0
VSU-0137,Zafiro Skincare,2026-05,Max,549,4123,3319,804,66,5,291,11558.68,8,7,1,5,0,3.8,2,0,0,0,385,62,"WhatsApp, Instagram",0
VSU-0137,Zafiro Skincare,2026-06,Max,549,4205,3776,429,32,7,175,7351.51,6,4,1,5,2,2.0,2,1,1,0,,51,"WhatsApp, Instagram",0
VSU-0137,Zafiro Skincare,2026-07,Max,549,3946,3167,779,72,2,108,8144.0,0,0,0,5,0,2.7,0,0,1,0,387,44,"WhatsApp, Instagram",0
VSU-0137,Zafiro Skincare,2026-08,Max,549,1758,1468,290,31,7,156,14368.53,0,0,0,5,0,2.7,0,0,2,0,389,9,"WhatsApp, Instagram",15
VSU-0137,Zafiro Skincare,2026-09,Max,549,224,184,40,4,6,14,305.96,0,0,0,5,0,2.8,0,0,0,0,376,4,"WhatsApp, Instagram",14
VSU-0138,Zafiro Óptica,2026-05,Starter,149,294,237,57,0,4,10,275.21,7,4,2,8,0,0.6,1,0,0,0,2113,2,WhatsApp,0
VSU-0138,Zafiro Óptica,2026-06,Starter,149,260,223,37,3,7,23,1258.5,4,3,1,8,4,1.9,0,0,0,0,2057,0,WhatsApp,0
VSU-0138,Zafiro Óptica,2026-07,Starter,149,266,221,45,5,6,10,444.61,0,0,0,8,0,3.2,0,0,0,2,2077,2,WhatsApp,0
VSU-0138,Zafiro Óptica,2026-08,Starter,149,138,118,20,0,4,5,246.23,0,0,0,8,0,5.1,2,0,1,2,2037,2,WhatsApp,36
VSU-0138,Zafiro Óptica,2026-09,Starter,149,14,12,2,0,5,1,80.74,0,0,0,8,0,4.5,0,0,1,0,2085,0,WhatsApp,33
VSU-0139,Índigo Bike,2026-05,Pro,299,888,716,172,3,3,71,4931.61,19,9,5,5,1,0.7,0,0,1,0,1688,6,"WhatsApp, Instagram",0
VSU-0139,Índigo Bike,2026-06,Pro,299,793,648,145,0,2,50,5427.82,18,8,4,5,0,2.0,1,0,1,0,1636,15,"WhatsApp, Instagram",0
VSU-0139,Índigo Bike,2026-07,Pro,299,790,671,119,97,3,20,441.26,7,3,1,5,1,48.4,2,0,0,0,1637,12,"WhatsApp, Instagram",0
VSU-0139,Índigo Bike,2026-08,Pro,299,905,813,92,68,3,25,835.29,21,10,4,5,4,70.3,0,0,2,2,1693,8,"WhatsApp, Instagram",0
VSU-0139,Índigo Bike,2026-09,Pro,299,601,491,110,76,6,32,2559.45,11,10,2,5,0,61.5,0,0,2,0,1680,10,"WhatsApp, Instagram",0
VSU-0140,Índigo Labs,2026-05,Starter,149,202,185,17,1,4,10,518.63,11,7,2,3,4,3.3,1,0,2,0,453,2,"WhatsApp, Instagram",0
VSU-0140,Índigo Labs,2026-06,Starter,149,233,195,38,3,2,11,586.27,3,2,1,3,2,0.6,0,0,2,0,460,1,"WhatsApp, Instagram",0
VSU-0140,Índigo Labs,2026-07,Starter,149,211,178,33,3,2,5,127.42,0,0,,3,0,2.3,0,0,1,1,463,1,"WhatsApp, Instagram",0
VSU-0140,Índigo Labs,2026-08,Starter,149,91,82,9,0,6,7,575.96,0,0,0,3,0,5.7,0,0,0,0,447,0,"WhatsApp, Instagram",41
VSU-0140,Índigo Labs,2026-09,Starter,149,11,10,1,0,4,0,0.0,0,0,0,3,0,4.5,0,0,0,0,463,0,"WhatsApp, Instagram",41
